City_ID,City,Country,Max Temp,Current Description,Lat,Lng,Hotel Name
0,Coolum Beach,AU,69.12,broken clouds,-26.5333,153.1,Coolum Beach Resort
1,Avarua,CK,82.45,scattered clouds,-21.2078,-159.775,Paradise Inn
2,Inhambane,MZ,76.03,clear sky,-23.865,35.3833,Oceano
4,Hilo,US,80.28,light rain,19.7297,-155.09,Hilo Hawaiian Hotel
5,Intipuca,SV,94.91,few clouds,13.1969,-88.0544,Tropiclub Playa El Cuco
6,Punta Arenas,CL,50.11,scattered clouds,-53.15,-70.9167,Hotel Hain
10,Busselton,AU,55.29,clear sky,-33.65,115.3333,Observatory Guest House
11,Hobart,AU,52.27,few clouds,-42.8794,147.3294,St Ives Hobart Accommodation Tasmania
12,Bilma,NE,86.54,clear sky,18.6853,12.9164,Expeditions T√©n√©re voyages
14,Guerrero Negro,MX,65.37,few clouds,27.9769,-114.0611,"Casa Laguna, Bed & Breakfast"
16,Matara,LK,77.72,overcast clouds,5.9485,80.5353,Amaloh Boutique Resort
17,Half Moon Bay,US,62.29,clear sky,37.4636,-122.4286,"The Ritz-Carlton, Half Moon Bay"
18,Rikitea,PF,79.41,clear sky,-23.1203,-134.9692,People ThankYou
19,Hermanus,ZA,65.16,broken clouds,-34.4187,19.2345,Misty Waves Boutique Hotel
20,Mahon,ES,57.76,mist,39.8885,4.2658,ARTIEM Capri
23,Saint-Philippe,RE,76.59,light rain,-21.3585,55.7679,"Chambres d'h√¥te ""La Trinit√©"""
24,Sao Joao Da Barra,BR,82.49,few clouds,-21.6403,-41.0511,Pousada Porto De Canoas
25,Tura,IN,71.51,overcast clouds,25.5198,90.2201,Hotel RIKMAN Continental
26,Saint-Donat-De-Montcalm,CA,57.06,few clouds,46.3187,-74.2219,Le Lincoln Marina Spa
28,Kapaa,US,80.58,light rain,22.0752,-159.319,Sheraton Kauai Coconut Beach Resort
29,Port Alfred,ZA,67.17,overcast clouds,-33.5906,26.891,The Halyards Hotel
31,Rocha,UY,60.94,clear sky,-34.4833,-54.3333,Hotel Arrarte
32,Bom Jesus,BR,86.63,overcast clouds,-9.0744,-44.3586,Hotel Bras√£o & Floricultura Bella Flor
33,Maniwaki,CA,61.18,overcast clouds,46.3834,-75.966,Centre Chateau Logue
34,Shimoda,JP,63.1,scattered clouds,34.6667,138.95,Shimoda Tokyu Hotel
35,Iquique,CL,68.04,clear sky,-20.2208,-70.1431,Backpacker`s Hostel Iquique
36,Faya,SA,68.11,broken clouds,18.3851,42.4509,ÿßŸÖŸÑÿßŸÉ ÿÆÿßŸÑÿØ ÿßŸÑÿ¥ÿπÿ¥Ÿàÿπ
37,Cabo San Lucas,MX,82.62,broken clouds,22.8909,-109.9124,Hotel Tesoro Los Cabos
39,Quatre Cocos,MU,77.09,light rain,-20.2078,57.7625,Sunrise Attitude Hotel
40,Lata,PT,52.92,clear sky,40.1629,-8.3327,Casa Maquia
41,Khash,IR,67.35,clear sky,28.2211,61.2158,ÿÆŸàÿßÿ®⁄ØÿßŸá ÿ¢ÿ®ÿ¨€å ŸÖÿ≠ÿØÿ´Ÿá
43,Hithadhoo,MV,83.46,few clouds,-0.6,73.0833,Scoop Guest House
44,Emerald,AU,66.34,clear sky,-23.5333,148.1667,The Irish Village
46,Esperance,AU,62.44,moderate rain,-33.8667,121.9,Hospitality Esperance
48,Micoud,LC,84.13,few clouds,13.8167,-60.9,Zamac√†
49,Cabedelo,BR,83.07,overcast clouds,-6.9811,-34.8339,Hotel Pigalle
50,Celestun,MX,88.74,overcast clouds,20.8667,-90.4,Posada Lilia
51,Port Blair,IN,78.84,mist,11.6667,92.75,"Welcomhotel By ITC Hotels, Bay Island, Port Blair"
52,Naze,JP,68.92,few clouds,28.3667,129.4833,Shishime Hotel
53,Bengkulu,ID,76.03,broken clouds,-3.8004,102.2655,Grage Hotel Bengkulu
54,Pundaguitan,PH,81.46,overcast clouds,6.3711,126.1689,Leonardo Family Beach House 1
55,Rincon,US,82.85,clear sky,32.296,-81.2354,Days Inn Rincon
56,Mount Isa,AU,80.37,broken clouds,-20.7333,139.5,ibis Styles Mt Isa Verona
58,Vao,NC,75.7,clear sky,-22.6667,167.4833,Hotel Kou-Bugny
59,Butaritari,KI,81.14,broken clouds,3.0707,172.7902,Isles Sunset Lodge
61,Bethel,US,70.36,clear sky,41.3712,-73.414,Courtyard by Marriott Danbury
62,Port Lincoln,AU,63.63,scattered clouds,-34.7333,135.8667,Port Lincoln Hotel
64,Carnarvon,AU,60.87,clear sky,-24.8667,113.6333,Hospitality Carnarvon
65,Karratha,AU,79.39,light rain,-20.7377,116.8463,ibis Styles Karratha
66,Sorong,ID,81.5,overcast clouds,-0.8833,131.25,Waigo Splash Hotel
67,Puerto Ayora,EC,84.16,broken clouds,-0.7393,-90.3518,Finch Bay Galapagos Hotel
68,Massape,BR,76.66,very heavy rain,-3.5228,-40.3428,Pousada Recanto de F√°tima
69,Sabang,ID,82.9,scattered clouds,5.8933,95.3214,Hotel Citra
70,Cape Town,ZA,65.91,fog,-33.9258,18.4232,"Radisson Blu Hotel Waterfront, Cape Town"
71,Salina Cruz,MX,87.55,overcast clouds,16.1667,-95.2,Amerik HOTEL
73,Mar Del Plata,AR,62.1,light intensity shower rain,-38.0023,-57.5575,Gran Hotel Mar del Plata
74,Rahimatpur,IN,83.77,overcast clouds,17.6,74.2,Swami Prasad Ice-cream parlor
76,Analipsis,GR,57.11,clear sky,35.3167,25.5667,Castello Village Resort
78,Sinnamary,GF,78.98,scattered clouds,5.3833,-52.95,ALETHEIA Appartement Sinnamary
79,Wenling,CN,65.23,overcast clouds,28.3669,121.36,Hanting Express Wenling Wanchang North Road
80,Acapulco,MX,86.31,overcast clouds,16.8634,-99.8901,HS Hotsson Smart Acapulco
81,Castro,BR,64.56,overcast clouds,-24.7911,-50.0119,CHACARA BAILLY
82,Mansa,IN,80.76,clear sky,29.9833,75.3833,STARiHOTEL Mansa
83,Mae Sai,TH,74.43,clear sky,20.4335,99.8762,Piyaporn Hill Paradise Hotel
84,Ponta Do Sol,PT,65.03,scattered clouds,32.6667,-17.1,Hotel do Campo
85,San Cristobal,VE,80.78,scattered clouds,7.7669,-72.225,Pirineos
89,Rawson,AR,63.81,scattered clouds,-43.3002,-65.1023,Hosteria Sampedro
90,Santa Cruz,BO,85.46,scattered clouds,-17.8,-63.1667,Aviador Hotel Boutique
91,Victoria,HK,77.38,few clouds,22.2855,114.1577,Mini Hotel Central
94,George,ZA,63.95,few clouds,-33.963,22.4617,Protea Hotel by Marriott George King George
95,Rancho Palos Verdes,US,71.42,clear sky,33.7445,-118.387,Terranea Resort
96,Ponta Delgada,PT,61.52,scattered clouds,37.7333,-25.6667,Vila Nova Hotel
98,Minervino Murge,IT,51.24,overcast clouds,41.0843,16.0784,B&B Le Mura
99,Isangel,VU,80.49,few clouds,-19.55,169.2667,Tanna Lodge
100,Coquimbo,CL,60.53,scattered clouds,-29.9533,-71.3436,Hotel San Juan
101,Erie,US,63.27,broken clouds,42.7667,-78.6664,Roycroft Inn
103,Kadom,RU,52.27,overcast clouds,54.5592,42.4675,Vita
104,Vaini,TO,82.56,few clouds,-21.2,-175.2,Keleti Beach Resort
106,Arraial Do Cabo,BR,80.56,clear sky,-22.9661,-42.0278,Pousada Porto Praia
108,Lagoa,PT,61.21,overcast clouds,39.05,-27.9833,Casa Das Faias
109,Chiang Rai,TH,81.0,clear sky,19.9167,99.9167,Imsuk Homestay at Chiang Rai
111,Atuona,PF,79.36,few clouds,-9.8,-139.0333,Villa Enata
112,Mizan Teferi,ET,61.36,light rain,6.9833,35.5833,Hotel Salayish - ·à≥·àã·ã≠·àΩ ·àÜ·â¥·àç
113,Tual,ID,82.44,broken clouds,-5.6667,132.75,Grand Vilia Hotel
116,Roma,US,62.51,scattered clouds,43.2128,-75.4557,Wingate By Wyndham Rome
119,Kavieng,PG,82.4,scattered clouds,-2.5744,150.7967,Nusa Island Retreat
121,Anloga,GH,82.85,light rain,5.7947,0.8973,Pin Drop Hotel
122,Bambous Virieux,MU,77.22,light rain,-20.3428,57.7575,Casa Tia Villa
124,Ribeira Grande,PT,63.0,broken clouds,38.5167,-28.7,Quinta da Meia Eira
125,Salta,AR,75.79,scattered clouds,-24.7859,-65.4117,Hotel Alejandro I
128,Antalaha,MG,73.74,few clouds,-14.9003,50.2788,Hotel Vitasoa
130,Nhulunbuy,AU,79.41,scattered clouds,-12.2333,136.7667,East Arnhem Real Estate
132,New Norfolk,AU,51.91,few clouds,-42.7826,147.0587,The Shingles Riverside Cottages
133,Odweyne,SO,78.1,clear sky,9.4092,45.064,Eng Hiirey House
134,Port Elizabeth,ZA,67.32,overcast clouds,-33.918,25.5701,39 On Nile Guest House
137,Jamestown,US,67.51,scattered clouds,42.097,-79.2353,Hampton Inn & Suites Jamestown
139,Hit,IQ,65.91,clear sky,33.6416,42.8251,ÿ®Ÿäÿ™ ÿßÿ®Ÿà ÿ±ÿ®ÿßÿ≠
140,Morondava,MG,78.12,clear sky,-20.2833,44.2833,La Case Bambou
142,Praia Da Vitoria,PT,61.75,overcast clouds,38.7333,-27.0667,Hotel Branco I
143,Hasaki,JP,59.4,clear sky,35.7333,140.8333,Inubosaki Kanko Hotel
145,Imbituba,BR,77.83,broken clouds,-28.24,-48.6703,Praia Hotel Imbituba
150,Mahebourg,MU,77.25,light rain,-20.4081,57.7,Shandrani Beachcomber Resort & Spa
151,Sibu,MY,73.29,overcast clouds,2.3,111.8167,RH HOTEL (4 Star)
153,Pontal Do Parana,BR,73.98,light rain,-25.6533,-48.5128,Eco Hostel Residencial Bananeiras
154,Daru,PG,81.5,overcast clouds,-9.0763,143.2092,Daru Lodge
155,Port Augusta,AU,64.58,clear sky,-32.5,137.7667,Majestic Oasis Apartments
158,Santa Helena De Goias,BR,80.85,overcast clouds,-17.8136,-50.5969,Hotel Cana Verde
159,Sal Rei,CV,69.3,overcast clouds,16.1833,-22.9167,Marine Club Beach Resort
160,Geraldton,AU,57.61,clear sky,-28.7667,114.6,Broadwater Mariner Resort
162,Kruisfontein,ZA,64.83,broken clouds,-34.0033,24.7314,Oyster Bay House Rental
163,Seoul,KR,56.8,light rain,37.5683,126.9778,Î°ØÎç∞Ìò∏ÌÖî ÏÑúÏö∏
164,Codrington,AU,53.49,broken clouds,-38.2667,141.9667,Codrington Gardens Bed And Breakfast
165,Kumbo,CM,60.96,moderate rain,6.2,10.6667,Western Inn Resort
166,Kahului,US,82.98,clear sky,20.8947,-156.47,Maui Seaside Hotel
167,Marsh Harbour,BS,75.0,clear sky,26.5412,-77.0636,Abaco Beach Resort
168,Chivay,PE,58.35,clear sky,-15.6383,-71.6011,Casa Andina Standard Colca
169,Maningrida,AU,75.78,broken clouds,-12.0667,134.2667,Dhukurrdji Lodge
170,El Colorado,AR,73.47,overcast clouds,-26.3081,-59.3729,GRAN HOTEL JORGITO
171,Hobyo,SO,82.63,clear sky,5.3505,48.5268,Iftin hotel hobyo
172,Carutapera,BR,77.29,moderate rain,-1.195,-46.02,Lidera
173,Axim,GH,81.43,overcast clouds,4.8699,-2.2405,Axim Beach Resort And Spa
174,Benguela,AO,76.14,light rain,-12.5763,13.4055,Hotel Praia Morena
175,Pisco,PE,71.02,clear sky,-13.7,-76.2167,Hotel San Isidro Oficial
176,Kot Addu,PK,81.81,broken clouds,30.4692,70.9671,Mohammad Ayub General Store
178,Santa Maria Del Oro,MX,83.3,clear sky,25.9333,-105.3667,Hotel Palacio Del Sol
181,Saint George,US,55.8,clear sky,37.1041,-113.5841,Best Western Plus Abbey Inn
182,Constitucion,CL,61.59,scattered clouds,-35.3333,-72.4167,Hotel Boutique Las Azucenas
184,Kaohsiung,TW,77.04,scattered clouds,22.6163,120.3133,Âæ°ÂÆøÂïÜÊóÖ-‰∏≠Â±±È§®
185,Martil,MA,56.64,clear sky,35.6166,-5.2752,ŸÅŸÜÿØŸÇ ŸÖÿ±ÿ™ŸäŸÑ
186,Nishihara,JP,72.68,scattered clouds,26.1842,127.7558,Minshuku Agaihama
188,Presidencia Roque Saenz Pena,AR,73.74,broken clouds,-26.7852,-60.4388,Hotel Gualok
189,Ranong,TH,79.03,broken clouds,9.9658,98.6348,Tinidee Hotel@Ranong
190,Mayumba,GA,77.92,scattered clouds,-3.432,10.6554,LIKWALE LODGE
192,Dunedin,NZ,50.65,clear sky,-45.8742,170.5036,Scenic Hotel Southern Cross
193,Port Arthur,CN,50.92,overcast clouds,38.8,121.2667,Friendship Hotel
195,Denpasar,ID,76.71,scattered clouds,-8.65,115.2167,OYO 3156 Hotel Warta 2
196,Kavaratti,IN,83.44,overcast clouds,10.5669,72.642,Hotels in Lakshadweep Islands
197,Gavrilovka Vtoraya,RU,50.83,overcast clouds,52.877,42.7663,"Kafe, Gostinitsa."
198,Dwarka,IN,79.57,clear sky,22.2394,68.9678,Hotel Narayan Avezika Comfort
200,Zhenhai,CN,68.36,clear sky,24.2582,118.0905,In Zhijian Guesthouse
201,Saldanha,ZA,62.71,broken clouds,-33.0117,17.9442,Blue Bay Lodge
204,Conneaut,US,68.86,scattered clouds,41.9476,-80.5542,OYO Hotel Conneaut OH I-90
205,Cidreira,BR,70.59,broken clouds,-30.1811,-50.2056,Hotel Castelo
206,Pemangkat,ID,76.91,broken clouds,1.1667,108.9667,Ramah Kost KITA
207,East London,ZA,67.05,light rain,-33.0153,27.9116,Tu Casa
208,Alice Springs,AU,69.22,clear sky,-23.7,133.8833,Desert Palms Alice Springs
209,Dingle,PH,71.89,overcast clouds,10.9995,122.6711,SEGAYA PROPERTY
210,Sao Filipe,CV,70.79,overcast clouds,14.8961,-24.4956,Hotel Xaguate
211,Kota Kinabalu,MY,75.18,few clouds,5.9749,116.0724,Gaya Centre Hotel
214,Cap Malheureux,MU,77.47,clear sky,-19.9842,57.6142,Pereybere Hotel & Spa
215,Belmonte,BR,79.92,scattered clouds,-15.8631,-38.8828,Pousada Monte Carmelo O P√£o
216,Meulaboh,ID,76.73,broken clouds,4.1363,96.1285,Kost Pria
219,Faanui,PF,81.5,light rain,-16.4833,-151.75,Bora-Bora Pearl Beach Resort & Spa
220,Los Llanos De Aridane,ES,62.35,overcast clouds,28.6585,-17.9182,Valle Aridane
224,Makakilo City,US,79.68,clear sky,21.3469,-158.0858,Marriott's Ko Olina Beach Club
225,Laem Sing,TH,85.14,scattered clouds,12.4816,102.0738,Laemsing Whitehouse Resort
227,Cayenne,GF,81.09,broken clouds,4.9333,-52.3333,H√¥tel Le Dronmi
228,Jumla,NP,51.42,overcast clouds,29.2747,82.1838,Royal Garden Hotel
231,Namibe,AO,75.2,clear sky,-15.1961,12.1522,Hotel Chik Chik Namibe
233,Segou,ML,96.6,scattered clouds,13.4317,-6.2157,Comme chez soi
236,Gladstone,AU,73.33,clear sky,-23.85,151.25,Highpoint International Hotel
237,Tshikapa,CD,75.52,scattered clouds,-6.4167,20.8,H√¥tel Tshia-Muntu de Tshikapa
238,Sakakah,SA,67.73,clear sky,29.9697,40.2064,Fakhamat Al Orjoana Apartment
239,Paramonga,PE,70.34,few clouds,-10.6667,-77.8333,HOSTAL MI CHALET - PARAMONGA
240,Alofi,NU,81.41,broken clouds,-19.0595,-169.9187,Taloa Heights
242,Hualmay,PE,71.06,few clouds,-11.0964,-77.6139,Hotel Villa Kitzia Huacho
243,Georgetown,MY,80.53,scattered clouds,5.4112,100.3354,Cititel Penang
244,Charters Towers,AU,67.75,scattered clouds,-20.1,146.2667,Cattleman's Rest Motor Inn
245,Badarpur,IN,73.11,broken clouds,24.9,92.6,Rejauls home
246,Forestville,US,80.13,clear sky,38.8451,-76.875,Quality Inn Near Joint Base Andrews-Washington Area
247,Hope,US,73.98,moderate rain,33.6671,-93.5916,Best Western Hope
248,Broome,US,65.17,clear sky,42.2506,-75.833,Chenango Valley State Park
249,Arlit,NE,89.69,clear sky,18.7369,7.3853,Case de Passage De la Prefecture
252,Wamba,NG,75.63,overcast clouds,8.9333,8.6,Roma Zee Guest House Annex
254,Alyangula,AU,82.24,overcast clouds,-13.8483,136.4192,Groote Eylandt Lodge
255,Betare Oya,CM,77.47,overcast clouds,5.6,14.0833,Auberge Tembina Betar√© Oya
258,Punta Alta,AR,56.17,broken clouds,-38.8759,-62.0736,Center Hotel Punta Alta
260,Souillac,MU,76.71,light rain,-20.5167,57.5167,Shanti Maurice Resort & Spa
261,Ukiah,US,54.84,broken clouds,39.1502,-123.2078,Hampton Inn Ukiah
262,Dicabisagan,PH,75.04,overcast clouds,17.0818,122.4157,Nancy Montanes Bernardo
263,Le Port,RE,77.0,scattered clouds,-20.9373,55.2919,KORBEY D'OR OUEST
264,Duiwelskloof,ZA,68.02,overcast clouds,-23.6934,30.14,Silvermist Guesthouse
265,Tautira,PF,81.52,scattered clouds,-17.7333,-149.15,Pension Oaoa
266,Meadow Lake,US,70.48,overcast clouds,34.8014,-106.5436,TumbleWeed RV Park
269,Bredasdorp,ZA,65.66,overcast clouds,-34.5322,20.0403,Bredasdorp Country Manor
270,Mabaruma,GY,81.88,broken clouds,8.2,-59.7833,Monty Brooms Guest House
271,Phan Thiet,VN,75.83,scattered clouds,10.9333,108.1,Hotel Saigon-PT
272,Omboue,GA,78.31,broken clouds,-1.5746,9.2618,Hotel Olako
273,Morant Bay,JM,82.02,scattered clouds,17.8815,-76.4093,Whispering Bamboo Cove Resort
275,Kutum,SD,78.17,clear sky,14.2,24.6667,Dibbo areaŸÖŸÜÿ∑ŸÇÿ© ÿØÿ®Ÿà
276,Padang,ID,76.69,scattered clouds,-0.9492,100.3543,Mercure Padang
277,Davila,PH,78.3,overcast clouds,18.4726,120.5763,Blue Ridge Beach Resort
282,Bathsheba,BB,83.01,few clouds,13.2167,-59.5167,Atlantis Hotel
283,Tete,MZ,72.41,clear sky,-16.1564,33.5867,Zambeze Para√≠so Misterioso
284,Maragogi,BR,78.64,overcast clouds,-9.0122,-35.2225,Salinas do Maragogi All Inclusive Resort
285,Lompoc,US,70.57,clear sky,34.6391,-120.4579,"Holiday Inn Express Lompoc, an IHG Hotel"
286,Surt,LY,61.5,overcast clouds,31.2089,16.5887,ÿßŸÑŸáÿßÿØŸä ÿßÿ®Ÿàÿ¥ÿπÿßŸÑŸá ÿ≥ÿ±ÿ™
287,Marrakesh,MA,62.67,scattered clouds,31.6315,-8.0083,Les Jardins de La Koutoubia
289,Mae Chan,TH,72.79,clear sky,20.1467,99.8526,Kiang Dao Resort
290,Westport,US,72.63,clear sky,41.1415,-73.3579,The Inn at Longshore
291,Blythe,US,72.05,clear sky,33.6103,-114.5964,Rodeway Inn & Suites
292,Jacareacanga,BR,79.38,overcast clouds,-6.2222,-57.7528,Casa do Ianüòé
293,Vila Velha,BR,79.95,scattered clouds,-20.3297,-40.2925,Hotel Vit√≥ria Palace
296,Fuyang,CN,50.81,light rain,32.9,115.8167,Fuyang Wanda Realm Hotel
297,Honiara,SB,79.81,scattered clouds,-9.4333,159.95,Heritage Park Hotel
298,Perth,AU,57.38,clear sky,-31.9333,115.8333,Quest on Rheola
299,Old Saybrook,US,72.05,clear sky,41.2918,-72.3762,Saybrook Point Resort & Marina - Luxury Connecticut Oceanside Hotel
300,Kedougou,SN,94.84,broken clouds,12.5579,-12.1743,Relais de K√©dougou
303,Suez,EG,58.55,clear sky,29.9737,32.5263,Green House
304,Nisia Floresta,BR,81.41,overcast clouds,-6.0911,-35.2086,Rancho Crepusculo
305,Kupang,ID,76.77,broken clouds,-10.1667,123.5833,Hotel On The Rock by Prasanthi
307,Berbera,SO,83.89,clear sky,10.4396,45.0143,IBCO REAL ESTATE PROPERTY
309,Mitchell,US,64.38,broken clouds,43.7094,-98.0298,Kelly Inn & Suites
310,Bengbu,CN,50.72,overcast clouds,32.9408,117.3608,Howard Johnson Nanshan Plaza
316,Abu Dhabi,AE,86.11,clear sky,24.4667,54.3667,Beach Rotana
317,Lahaina,US,82.96,few clouds,20.8783,-156.6825,Lahaina Shores Beach Resort
318,Road Town,VG,82.44,few clouds,18.4167,-64.6167,"ZINGARA 76ft Catamaran, full crew-all included"
321,Komsomolskiy,UZ,63.32,broken clouds,40.4272,71.7189,Ikathouse
322,Sabirabad,AZ,54.82,clear sky,40.0095,48.4752,Mugan Park Hotel
323,General Pico,AR,62.53,clear sky,-35.6566,-63.7568,Euskadi Hotel
324,Saint Anthony,US,52.25,light rain,45.0205,-93.218,"Holiday Inn Express Roseville-St. Paul, an IHG Hotel"
325,Isiro,CD,72.43,overcast clouds,2.7739,27.616,Guest House Hewa Bora
326,Mirzapur,IN,83.41,overcast clouds,25.15,82.5833,Hotel Yash Inn
327,Wanxian,CN,58.91,clear sky,30.8039,108.3897,7Days Inn Chongqing Shiqiaopu
328,Lengshuijiang,CN,59.34,overcast clouds,27.6881,111.4294,Sheraton
329,Trairi,BR,78.53,overcast clouds,-3.2778,-39.2689,janelas do mar
330,Ajdabiya,LY,63.19,overcast clouds,30.7554,20.2263,Almadina Hotel
331,Nador,MA,61.05,clear sky,35.174,-2.9287,H√¥tel La Giralda
332,Ushtobe,KZ,54.21,overcast clouds,45.2514,77.9838,Filipin Squad
333,Namie,JP,59.23,few clouds,37.4833,141.0,„ÅÑ„Åì„ÅÑ„ÅÆÊùë„Å™„Åø„Åà
334,Torbat-E Jam,IR,66.72,clear sky,35.244,60.6225,White building
335,Itoman,JP,73.42,broken clouds,26.1247,127.6694,Southern Beach Hotel & Resort Okinawa
336,Auki,SB,81.14,overcast clouds,-8.7676,160.7034,Auki Motel
337,General Roca,AR,66.61,clear sky,-39.0333,-67.5833,Hotel El Recreo
338,San Patricio,US,92.16,scattered clouds,28.017,-97.5169,"Motel 6 Sinton, TX"
339,Rio Gallegos,AR,53.65,scattered clouds,-51.6226,-69.2181,Hotel Santa Cruz
340,Eureka,US,52.18,broken clouds,40.8021,-124.1637,Eureka Inn Trademark By Wyndham
341,Puyo,EC,76.24,broken clouds,-1.4667,-77.9833,Hosteria Kindi Wasi
343,Otane,NZ,59.02,moderate rain,-39.8833,176.6333,Ludlow Farmstay
344,Fortuna,US,51.91,scattered clouds,40.5982,-124.1573,Super 8 by Wyndham Fortuna
346,Lebu,CL,54.77,clear sky,-37.6167,-73.65,Hostal Las Lilas
348,Yabelo,ET,60.94,broken clouds,4.8833,38.0833,Asnakech W/michael
349,Amahai,ID,78.06,overcast clouds,-3.3333,128.9167,HOTEL ISABELA
350,Weiswampach,LU,53.69,overcast clouds,50.1372,6.075,Hotel Dreilaenderblick
351,Bumba,CD,75.65,clear sky,2.1833,22.4667,P√®re Carlos
353,Maceio,BR,78.24,clear sky,-9.6658,-35.7353,Hotel Ponta Verde Macei√≥
354,Laguna,US,63.32,clear sky,38.421,-121.4238,"Holiday Inn Express & Suites Elk Grove Central - Hwy 99, an IHG Hotel"
359,Coihaique,CL,51.75,broken clouds,-45.5752,-72.0662,Diego De Almagro Coyhaique
360,Conway,US,79.99,overcast clouds,35.0887,-92.4421,"Country Inn & Suites by Radisson, Conway, AR"
361,Maldonado,UY,66.22,clear sky,-34.6667,-54.9167,La Cimarrona
363,Balkanabat,TM,81.5,few clouds,39.5108,54.3671,Nebitchi Hotel
364,Kununurra,AU,75.18,scattered clouds,-15.7667,128.7333,Hotel Kununurra
365,Colares,PT,60.3,scattered clouds,38.7992,-9.4469,Arribas Sintra Hotel
368,Lorengau,PG,80.58,scattered clouds,-2.0226,147.2712,Lorengau Harbourside Hotel
375,Tamarac,US,81.03,broken clouds,26.2129,-80.2498,Comfort Suites Sawgrass
376,Griffith,US,69.04,overcast clouds,41.5284,-87.4237,Apartment above Depot Bar
377,Flinders,AU,61.18,light rain,-34.5833,150.8552,Shellharbour Resort & Conference Centre
378,Norfolk,US,70.47,clear sky,42.1668,-71.2495,Residence Inn by Marriott Boston Norwood/Canton
379,Yumbe,UG,67.35,broken clouds,3.4651,31.2469,Antonio's Hotel
380,Tahta,EG,66.79,clear sky,26.7693,31.5021,ŸÅŸÜÿØŸÇ ÿßŸÑÿ≤Ÿäÿßÿ™
381,Salalah,OM,80.69,scattered clouds,17.0151,54.0924,"HAMDAN PLAZA HOTEL SALALAH, an HTG Hotel"
382,Gambela,ET,75.2,light rain,8.25,34.5833,Solomon Debebe Hotel
384,Yulara,AU,84.04,overcast clouds,-25.2406,130.9889,Desert Gardens Hotel - Ayers Rock Resort
385,Progreso,MX,97.11,broken clouds,21.2833,-89.6667,Playa Linda Hotel
386,Hagerstown,US,76.84,few clouds,39.6418,-77.72,Hampton Inn Hagerstown
387,Cusset,FR,55.74,overcast clouds,46.13,3.4596,Aletti Palace Hotel
388,Sibolga,ID,75.47,scattered clouds,1.7427,98.7792,Hotel Syariah CN Darussalam
389,Buraydah,SA,77.16,broken clouds,26.326,43.975,M√∂venpick Qassim
390,Atar,MR,84.99,scattered clouds,20.5169,-13.0499,Oumou Elghoura
394,Terre Haute,US,69.04,overcast clouds,39.4667,-87.4139,Drury Inn & Suites Terre Haute
396,Broken Hill,AU,59.88,few clouds,-31.95,141.4333,Royal Exchange Hotel
397,Grand Gaube,MU,77.38,clear sky,-20.0064,57.6608,Veranda Paul et Virginie Hotel & Spa
398,Pirapora,BR,81.07,overcast clouds,-17.345,-44.9419,Santos Palace Hotel
400,Ilhabela,BR,75.51,light rain,-23.7781,-45.3581,Ilha Flat Hotel
403,Lakheri,IN,85.14,clear sky,25.6667,76.1667,‡§™‡•ç‡§∞‡§π‡§≤‡§æ‡§¶ ‡§ú‡•Ä ‡§∏‡•à‡§®‡•Ä
404,Saint-Francois,FR,53.42,clear sky,46.4154,3.9054,Manoir Du Bonheur
405,Mango,US,89.06,clear sky,27.9797,-82.3065,Hilton Garden Inn Tampa East/Brandon
406,Kitui,KE,66.88,light rain,-1.367,38.0106,Heritage Bliss Hotel
407,Shasta Lake,US,58.55,overcast clouds,40.6804,-122.3708,Shasta Dam Motel
408,Keningau,MY,68.34,overcast clouds,5.3378,116.1602,Sabindo Hotel
409,Popondetta,PG,75.81,scattered clouds,-8.7537,148.2534,Timos Transit House
410,Katsuura,JP,62.56,clear sky,35.1333,140.3,Katsuura Hotel Mikazuki
412,Kagoro,NG,70.66,overcast clouds,9.6,8.3833,Palm Garden Hotel
414,Kaman,IN,86.09,clear sky,27.65,77.2667,Dr.kishan kaman
415,La Cumbre,AR,57.18,broken clouds,-30.982,-64.4914,Posada Summit Suites
417,Colwyn Bay,GB,54.91,overcast clouds,53.2948,-3.7267,Bryn Woodlands House
418,Shingu,JP,66.06,overcast clouds,33.7333,135.9833,Shingu UI Hotel
420,Carballo,ES,55.76,few clouds,43.213,-8.691,Pazo do Souto
423,Coahuayana,MX,90.66,broken clouds,18.7333,-103.6833,El rranchito michuacan de ocampos
424,Columbio,PH,73.06,broken clouds,6.6964,124.9372,Baira's Farm and Resort
425,Mahibadhoo,MV,84.16,scattered clouds,3.7833,72.9667,Omadhoo Inn
426,Devonport,AU,51.01,clear sky,-41.1667,146.35,Gateway Hotel by Nightcap Plus
428,San Policarpo,PH,78.08,overcast clouds,12.1791,125.5072,Agapita M. Nicart
430,Ruwi,OM,89.29,clear sky,23.5996,58.5507,Al Falaj Hotel
432,Olinda,BR,82.13,scattered clouds,-8.0089,-34.8553,Flat Quatro Rodas Olinda
433,Miri,MY,74.71,overcast clouds,4.4148,114.0089,"Mega Hotel, Miri"
434,Christchurch,NZ,57.99,broken clouds,-43.5333,172.6333,The George
436,Doha,QA,84.51,clear sky,25.2867,51.5333,Movenpick Hotel Doha
437,Paraguacu Paulista,BR,77.36,scattered clouds,-22.4128,-50.5758,Hotel √Ågua das Araras
438,Ofunato,JP,57.06,overcast clouds,39.0717,141.7167,Ofunato Hot Spring
439,Plettenberg Bay,ZA,68.5,clear sky,-34.0527,23.3716,Thanda Vista B&B
440,Chuy,UY,63.97,overcast clouds,-33.6971,-53.4616,Nuevo Hotel Plaza
441,Srandakan,ID,75.85,scattered clouds,-7.9386,110.2506,Puri Brata
442,Kiunga,PG,72.72,overcast clouds,-6.1219,141.2906,Airport Lodge Kiunga
443,Nhamunda,BR,77.5,overcast clouds,-2.1861,-56.7131,Pousada Da Praia
446,Sur,OM,86.13,clear sky,22.5667,59.5289,Sur Plaza Hotel
447,Jijiga,ET,67.6,broken clouds,9.35,42.8,RAMAAS HOTEL
451,Lagunas,PE,85.35,broken clouds,-5.2269,-75.6753,Hospedaje Eco
452,Sola,VU,81.99,scattered clouds,-13.8833,167.55,Leumerus Bungalows
453,Caravelas,BR,77.11,overcast clouds,-17.7125,-39.2481,Pousada dos Navegantes
454,Suwannaphum,TH,82.85,overcast clouds,15.6035,103.8021,‡∏ß‡∏£‡∏£‡∏ì‡∏°‡∏ì‡∏µ ‡∏£‡∏µ‡∏™‡∏≠‡∏£‡πå‡∏ó
457,Pacific Grove,US,61.88,clear sky,36.6177,-121.9166,Lovers Point Inn
459,Puerto Escondido,MX,86.83,overcast clouds,15.85,-97.0667,Aldea del Bazar Hotel and Spa
460,Coacoyul,MX,90.5,overcast clouds,17.8058,-99.11,Casa Abuelita Natalia
461,Itarema,BR,78.73,overcast clouds,-2.9248,-39.9167,"Sea Lounge! Bar, Club & Restaurant"
462,Chau Doc,VN,79.59,scattered clouds,10.7,105.1167,JADE AND SAPPHIRE GUESTHOUSE
464,Mantua,IT,56.44,overcast clouds,45.1667,10.7833,Hotel la Favorita
468,Samur,RU,50.95,scattered clouds,41.8253,48.486,Samur
470,Dongying,CN,50.56,overcast clouds,37.4564,118.4856,Wanda Realm
471,Hambantota,LK,79.72,overcast clouds,6.1241,81.1185,Bungalow 63
473,Karakol,KG,50.34,overcast clouds,42.4907,78.3936,"Gostinitsa ""Al'tamira"""
474,Port Said,EG,60.17,clear sky,31.2565,32.2841,Aracan Hotel
477,Mmathubudukwane,BW,68.11,broken clouds,-24.6,26.4333,Gill Sleepover Guesthouse
478,Koumac,NC,76.77,clear sky,-20.5667,164.2833,Le Monitel
479,Vila Franca Do Campo,PT,61.21,overcast clouds,37.7167,-25.4333,Pestana Bahia Praia
480,Muscat,OM,89.62,clear sky,23.6139,58.5922,Mutrah Hotel
482,Hashtgerd,IR,67.32,overcast clouds,35.9642,50.6858,Parse System
483,Wau,SS,84.13,broken clouds,7.7029,27.9953,Universal Gab Hotel
484,Namatanai,PG,79.81,scattered clouds,-3.6667,152.4333,Seagulls Inn Namatani
493,Dickson,US,77.65,broken clouds,36.077,-87.3878,East Hills Bed & Breakfast Inn
494,Kulhudhuffushi,MV,83.26,broken clouds,6.6221,73.07,Haajy Guest House 1
495,Liberal,US,87.94,few clouds,37.0431,-100.921,Hampton Inn & Suites Liberal
496,Pacasmayo,PE,72.18,few clouds,-7.4006,-79.5714,Hotel Libertad
497,Sao Felix Do Xingu,BR,77.09,broken clouds,-6.6447,-51.995,Rio Xingu Camping
498,Wajir,KE,79.09,broken clouds,1.7471,40.0573,Al-bustan Hotel And Restaurant.
499,Jati,PK,79.38,clear sky,24.3539,68.2671,Cafe Lala Rehan Restaurant
501,Mayo,US,80.67,clear sky,38.8876,-76.5119,Resorts Resource Group International
503,Notse,TG,74.12,moderate rain,6.95,1.1667,Le Berceau
504,Bowen,AU,72.27,broken clouds,-20.0167,148.2333,Castle Motor Lodge Motel
505,Mattru,SL,76.95,moderate rain,7.6244,-11.8332,"Mondkor Town, Bagbo Chiefdom, Bo District"
507,Banamba,ML,86.76,overcast clouds,13.55,-7.45,Kassela de Banamba
508,Bandarbeyla,SO,80.83,clear sky,9.4942,50.8122,JABIR HOTEL
510,Najran,SA,75.65,clear sky,17.4924,44.1277,ŸÖÿ≠ŸÖÿØ ŸáÿßÿØŸä ÿßŸÑ ŸÅÿ∑Ÿäÿ≠
512,Pochutla,MX,87.82,overcast clouds,15.7432,-96.4661,Hotel Posada San Jose
514,Bani Walid,LY,58.08,overcast clouds,31.7566,13.9942,ŸÖŸÜÿ≤ŸÑ ŸÖŸÅÿ™ÿßÿ≠ ŸÖÿ≠ŸÖÿØ ÿßŸÑÿ≤ŸÑÿ®Ÿä
517,Beni,CD,64.53,clear sky,0.5,29.4667,Albertine hotel
518,Puerto Del Rosario,ES,65.95,scattered clouds,28.5004,-13.8627,Hotel JM Puerto del Rosario
519,Ahipara,NZ,65.91,light rain,-35.1667,173.1667,Ahipara Holiday Park
520,Zhezkazgan,KZ,51.78,broken clouds,47.8043,67.7144,Hotel Zumrat
521,Ankazoabo,MG,69.89,broken clouds,-22.2833,44.5167,ENCEIN BUREAU CISCO
523,Hereford,GB,53.74,overcast clouds,52.0568,-2.7148,The Green Dragon Hotel
525,Puerto Madryn,AR,64.29,scattered clouds,-42.7692,-65.0385,Hotel Tolosa
526,Tutoia,BR,79.29,overcast clouds,-2.7619,-42.2744,Pousada Guar√°'s
527,Mozarlandia,BR,84.0,few clouds,-14.7447,-50.5706,Hotel Santa M√¥nica
529,Fukue,JP,64.51,overcast clouds,32.6881,128.8419,Goto Guesthouse Utojuku & SA Car Rental
530,Redcliffe,AU,68.9,broken clouds,-27.2307,153.0973,Scarborough Beach Resort
531,Samarai,PG,83.21,overcast clouds,-10.6167,150.6667,Nuli Sapi
537,Jagdalpur,IN,78.6,clear sky,19.0667,82.0333,Hotel Devansh Residency
538,Ancud,CL,54.23,broken clouds,-41.8697,-73.8203,Hotel Arena Gruesa
539,Luanda,AO,78.8,thunderstorm with rain,-8.8368,13.2343,EPIC SANA Luanda
544,Sumter,US,87.08,scattered clouds,28.7086,-82.0831,Paradise Oaks RV Resort
545,Kudahuvadhoo,MV,83.3,scattered clouds,2.6708,72.8944,Niyama Private Islands Maldives
546,Aswan,EG,74.37,scattered clouds,24.0934,32.907,Nuba Nile
548,Luganville,VU,80.47,overcast clouds,-15.5333,167.1667,The Espiritu Hotel
550,Phangnga,TH,78.84,broken clouds,8.4509,98.5298,Sunimit Mansion
551,Namuac,PH,76.46,overcast clouds,18.6109,121.1657,Mlin Hotel
553,Curaca,BR,88.86,scattered clouds,-8.9903,-39.9094,Hotel Recanto Campestre
554,Gainesville,US,86.02,clear sky,29.6516,-82.3248,Wyndham Garden Gainesville
555,Touros,BR,80.29,broken clouds,-5.1989,-35.4608,INN NEW HORIZON
556,Ismailia,EG,58.37,clear sky,30.6043,32.2723,Mercure Ismailia Forsan Island Hotel
558,Jardim,BR,80.26,overcast clouds,-21.4803,-56.1381,Estancia Hotel - Jardim MS
559,Vanimo,PG,76.57,overcast clouds,-2.6741,141.3028,Vahmoneh Lodge Vanimo
563,Santa Maria,BR,69.4,scattered clouds,-29.6842,-53.8069,Hotel Morotin
564,Santiago,CL,71.17,broken clouds,-33.4569,-70.6483,Hotel Panamericano
566,Tiarei,PF,86.02,few clouds,-17.5333,-149.3333,Le Rocher de Tahiti
567,Kirakira,SB,82.35,scattered clouds,-10.4544,161.9205,SanBiz Lodge
568,Camana,PE,69.12,broken clouds,-16.6228,-72.7111,Hostal Morales
572,Huarmey,PE,71.96,few clouds,-10.0681,-78.1522,Hotel Miramar
573,Marsa Matruh,EG,58.15,clear sky,31.3525,27.2453,Beau Site
576,Badin,PK,79.84,clear sky,24.656,68.8384,Muhammad Bin Qasim Boys Hostel Badin campus
577,La Libertad,EC,76.66,scattered clouds,-2.2333,-80.9,Playa Canela Hotel Boutique
580,Dongli,CN,73.06,clear sky,23.5656,116.8194,Chenghai Shizhang Donghuaqiao Hostel
584,Takahashi,JP,63.18,overcast clouds,34.7833,133.6167,Takahashiutsukushiimori Camping Ground
585,Rabo De Peixe,PT,60.31,scattered clouds,37.8,-25.5833,Quinta das Giestas
586,Chalus,IR,75.52,broken clouds,36.655,51.4204,Rama Spa
590,Silopi,TR,54.64,overcast clouds,37.2497,42.4694,"√ñzenler Residence Otel, ≈ûƒ±rnak Silopi"
591,Graaff-Reinet,ZA,67.14,scattered clouds,-32.2522,24.5308,Rietjiesbos Self Catering
592,San Quintin,MX,61.48,clear sky,30.4833,-115.95,Don Eddie's Sport Fishing Center
593,Grand-Santi,GF,76.87,overcast clouds,4.25,-54.3833,Hotel La Villa Couacou
596,Teningen,DE,64.49,overcast clouds,48.1295,7.8121,TAOme Stadthotel Breisgau - Gerwin R. Platz
597,Borba,BR,78.1,overcast clouds,-4.3878,-59.5939,Hotel da Amaz√¥nia
600,Teguise,ES,61.02,few clouds,29.0605,-13.564,B&B La Casona de Nazaret
601,Ribas Do Rio Pardo,BR,85.24,scattered clouds,-20.4431,-53.7592,Pousada Avenida
602,Umm Lajj,SA,74.93,overcast clouds,25.0213,37.2685,Moon light Furnished Units
603,Kloulklubed,PW,81.1,broken clouds,7.0419,134.2556,Storyboard Beach Resort
604,Tezu,IN,70.12,scattered clouds,27.9167,96.1667,Circuit House
605,Buchanan,LR,79.93,overcast clouds,5.8808,-10.0467,Kamaneahn Hotel Inc
606,Jha Jha,IN,81.55,overcast clouds,24.7667,86.3667,"Sahdev Das, krishna Das Building üè¢"
607,Wajima,JP,57.22,overcast clouds,37.4,136.9,Wajiima Onsen Yashio
608,Salinas,US,63.99,clear sky,36.6777,-121.6555,Laurel Inn & Conference Center
610,Srivardhan,IN,82.33,overcast clouds,18.0333,73.0167,Savli Resort/Hotel - Shrivardhan
611,Anuradhapura,LK,75.09,overcast clouds,8.3565,80.4173,Nilketha Villa Eco Hotel
612,Millau,FR,51.93,overcast clouds,44.0833,2.9167,La Villa Des Raspes
614,Auch,FR,57.25,overcast clouds,43.65,0.5833,Hotel Le Domaine De Baulieu
617,Peski,RU,51.28,overcast clouds,55.2163,38.7626,Dachi Khudozhnikov
620,Pecos,US,92.23,clear sky,31.4229,-103.4932,Knights Inn & Suites Pecos
622,Baoma,CN,58.73,clear sky,31.4859,106.1128,Center Restaurant
623,Kaeo,NZ,66.33,light rain,-35.1,173.7833,Bushido Lodge
625,Calama,CL,66.69,clear sky,-22.4667,-68.9333,Park Hotel Calama
626,Mangrol,IN,79.74,clear sky,21.1167,70.1167,Hotel The Royal Honours
630,Turayf,SA,53.85,clear sky,31.6725,38.6637,Turaif
631,Mareeba,AU,74.12,broken clouds,-17.0,145.4333,Trinity Plains Tourist Park
632,Cascais,PT,60.48,scattered clouds,38.6979,-9.4215,Hotel Vila Gal√© Cascais
633,Shenjiamen,CN,62.02,overcast clouds,29.9576,122.298,Jinjiang Inn Zhoushan Putuo Shenjiamen
634,Saint Stephen,GB,53.87,broken clouds,50.3333,-4.9,4 stepaside corner
635,Wembley,AU,56.79,clear sky,-31.9333,115.8,Cambridge Atrium
636,Sumbe,AO,77.11,broken clouds,-11.2061,13.8437,Hotel Ritz Sumbe
637,Zhanaozen,KZ,70.77,broken clouds,43.3,52.8,K.korabay 28A
638,Oyem,GA,70.39,broken clouds,1.5995,11.5793,Commissariat de police
639,Jizan,SA,85.14,clear sky,17.3333,42.6667,ÿ¥ŸáÿØÿßŸÜ. ÿßÿ®ŸàÿßŸÑÿ≠ÿ¨ÿ±
640,Beyneu,KZ,67.48,broken clouds,45.3167,55.2,NUR
642,Nouadhibou,MR,66.18,clear sky,20.931,-17.0347,El Medina
644,Tabuk,PH,71.69,broken clouds,17.4189,121.4443,Golden Berries Hotel and Convention
645,Nara,JP,66.49,overcast clouds,34.6851,135.8049,Guesthouse Nara Komachi
646,Lalibela,ET,64.4,overcast clouds,12.0333,39.0333,Honey Land Hotel Lalibela
648,Guatire,VE,80.49,few clouds,10.4762,-66.5427,Parque Residencial Canaima I
649,Puerto Carreno,CO,96.4,broken clouds,6.189,-67.4859,Casa Hotel Victoria
652,Payakumbuh,ID,69.42,overcast clouds,-0.2202,100.6308,Dalimo Homestay
654,Mirante Do Paranapanema,BR,79.3,broken clouds,-22.2919,-51.9064,Pousada Estrela de Mirante do Paranapanema
656,Lewistown,US,74.16,clear sky,40.5992,-77.5714,Quality Inn & Suites
657,Ahuimanu,US,82.11,scattered clouds,21.4447,-157.8378,Paradise Bay Resort
658,Richards Bay,ZA,70.74,light rain,-28.783,32.0377,BON Hotel Waterfront Richards Bay
660,Mocuba,MZ,71.22,light rain,-16.8392,36.9856,Phama Lodge
661,Mpika,ZM,60.64,few clouds,-11.8343,31.4529,Melodies Lodge
662,Saint-Leu,RE,76.06,scattered clouds,-21.15,55.2833,La Caz Oceane
663,Lucapa,AO,68.5,broken clouds,-8.4192,20.7447,Resid√™ncia Ulisses Dos Santos
664,Lubao,PH,77.58,overcast clouds,14.9167,120.55,Hacienda Gracia
665,Wanning,CN,73.11,clear sky,18.8003,110.3967,Paradise Hotel
666,Mwense,ZM,65.53,few clouds,-10.3845,28.698,Mwense Council Guest House
668,Tambura,SS,76.66,broken clouds,5.6,27.4667,Rikito Lodge
669,Montepuez,MZ,68.49,overcast clouds,-13.1256,38.9997,PembaAparthotel
670,Espinosa,BR,79.59,overcast clouds,-14.9261,-42.8192,Hotel Vilma
671,Callaway,US,77.97,clear sky,30.153,-85.5699,"Holiday Inn Express & Suites Panama City-Tyndall, an IHG Hotel"
672,Tres Picos,MX,89.49,overcast clouds,15.8667,-93.5333,Tres picos Chiapas
673,Vilhena,BR,84.42,scattered clouds,-12.7406,-60.1458,Hotel Mirage
677,Gat,IL,59.68,clear sky,31.61,34.7642,OlusHome
678,Buluang,PH,74.32,overcast clouds,13.3068,123.3425,Sacueza Beach Resort
680,Hongjiang,CN,60.49,overcast clouds,27.11,109.9956,Ê¥™Ê±üÂ§ßÈÖíÂ∫ó
681,Jalu,LY,66.04,overcast clouds,29.0331,21.5482,ÿµÿßÿ≠ÿ®ÿ© ÿßŸÑŸÅÿÆÿßŸÖÿ©
683,Xalpatlahuac,MX,84.29,overcast clouds,17.4667,-98.6167,Hotel Villareal
685,Male,MV,83.82,broken clouds,4.1748,73.5089,Hotel Octave Maldives
686,Galle,LK,80.08,overcast clouds,6.0367,80.217,Amangalla
687,Ngunguru,NZ,65.8,light rain,-35.6167,174.5,Pacific Rendezvous Motel Resort
688,Saquarema,BR,78.84,few clouds,-22.92,-42.5103,Hotel Fazenda Sol e Lua
690,Buala,SB,82.04,scattered clouds,-8.145,159.5921,Maringe Lagoon Lodge
692,Ubon Ratchathani,TH,80.49,overcast clouds,15.1667,105.1667,‡∏ö‡πâ‡∏≤‡∏ô‡∏≠‡∏¥‡∏ô‡∏ó‡∏£‡πå‡πÇ‡∏ä‡∏ï‡∏¥
695,Praia,CV,70.34,broken clouds,14.9215,-23.5087,LT Aparthotel
696,Shiyan,CN,55.38,overcast clouds,32.6475,110.7781,Fenghuang Garden Holiday Hotel
