City_ID,City,Country,Lat,Lng,Max Temp,Humidity,Cloudiness,Wind Speed,Current Description
0,Coolum Beach,AU,-26.5333,153.1,69.12,92,70,7.9,broken clouds
1,Avarua,CK,-21.2078,-159.775,82.45,78,40,3.44,scattered clouds
2,Inhambane,MZ,-23.865,35.3833,76.03,89,1,5.3,clear sky
3,North Bend,US,43.4065,-124.2243,48.85,85,75,10.36,broken clouds
4,Hilo,US,19.7297,-155.09,80.28,89,100,6.91,light rain
5,Intipuca,SV,13.1969,-88.0544,94.91,37,16,9.24,few clouds
6,Punta Arenas,CL,-53.15,-70.9167,50.11,62,40,32.21,scattered clouds
7,Cherskiy,RU,68.75,161.3,-1.7,85,97,3.89,overcast clouds
8,Mataura,NZ,-46.1927,168.8643,48.47,90,82,2.48,broken clouds
9,Kondinskoye,RU,59.6481,67.41,31.86,97,100,5.57,overcast clouds
10,Busselton,AU,-33.65,115.3333,55.29,86,0,8.97,clear sky
11,Hobart,AU,-42.8794,147.3294,52.27,82,20,5.75,few clouds
12,Bilma,NE,18.6853,12.9164,86.54,8,0,8.41,clear sky
13,Dikson,RU,73.5069,80.5464,24.21,95,100,3.04,overcast clouds
14,Guerrero Negro,MX,27.9769,-114.0611,65.37,59,20,23.8,few clouds
15,Albany,US,42.6001,-73.9662,67.06,34,0,8.01,clear sky
16,Matara,LK,5.9485,80.5353,77.72,89,100,3.96,overcast clouds
17,Half Moon Bay,US,37.4636,-122.4286,62.29,52,0,21.85,clear sky
18,Rikitea,PF,-23.1203,-134.9692,79.41,68,6,18.16,clear sky
19,Hermanus,ZA,-34.4187,19.2345,65.16,79,78,2.57,broken clouds
20,Mahon,ES,39.8885,4.2658,57.76,94,75,6.91,mist
21,Bluff,NZ,-46.6,168.3333,48.79,58,100,11.12,overcast clouds
22,Thompson,CA,55.7435,-97.8558,32.16,51,75,14.97,broken clouds
23,Saint-Philippe,RE,-21.3585,55.7679,76.59,88,97,16.96,light rain
24,Sao Joao Da Barra,BR,-21.6403,-41.0511,82.49,81,17,10.29,few clouds
25,Tura,IN,25.5198,90.2201,71.51,93,100,4.21,overcast clouds
26,Saint-Donat-De-Montcalm,CA,46.3187,-74.2219,57.06,57,13,11.1,few clouds
27,Mobaye,CF,4.319,21.1786,76.73,63,14,3.15,few clouds
28,Kapaa,US,22.0752,-159.319,80.58,84,40,14.97,light rain
29,Port Alfred,ZA,-33.5906,26.891,67.17,93,99,7.9,overcast clouds
30,Saint-Louis,SN,16.3333,-15.0,83.7,26,87,18.07,overcast clouds
31,Rocha,UY,-34.4833,-54.3333,60.94,61,2,6.29,clear sky
32,Bom Jesus,BR,-9.0744,-44.3586,86.63,48,97,6.93,overcast clouds
33,Maniwaki,CA,46.3834,-75.966,61.18,21,87,13.8,overcast clouds
34,Shimoda,JP,34.6667,138.95,63.1,96,45,7.09,scattered clouds
35,Iquique,CL,-20.2208,-70.1431,68.04,73,1,8.37,clear sky
36,Faya,SA,18.3851,42.4509,68.11,39,74,0.58,broken clouds
37,Cabo San Lucas,MX,22.8909,-109.9124,82.62,60,75,11.79,broken clouds
38,Ushuaia,AR,-54.8,-68.3,44.22,75,75,36.82,light intensity drizzle
39,Quatre Cocos,MU,-20.2078,57.7625,77.09,82,45,17.27,light rain
40,Lata,PT,40.1629,-8.3327,52.92,94,8,0.67,clear sky
41,Khash,IR,28.2211,61.2158,67.35,13,0,4.21,clear sky
42,Tasiilaq,GL,65.6145,-37.6368,19.96,79,98,5.57,overcast clouds
43,Hithadhoo,MV,-0.6,73.0833,83.46,69,19,12.93,few clouds
44,Emerald,AU,-23.5333,148.1667,66.34,82,2,3.44,clear sky
45,Provideniya,RU,64.3833,-173.3,23.36,86,100,18.01,snow
46,Esperance,AU,-33.8667,121.9,62.44,86,99,14.67,moderate rain
47,Anadyr,RU,64.75,177.4833,25.3,74,75,24.61,light snow
48,Micoud,LC,13.8167,-60.9,84.13,61,20,18.41,few clouds
49,Cabedelo,BR,-6.9811,-34.8339,83.07,79,100,9.22,overcast clouds
50,Celestun,MX,20.8667,-90.4,88.74,60,89,10.42,overcast clouds
51,Port Blair,IN,11.6667,92.75,78.84,94,20,2.3,mist
52,Naze,JP,28.3667,129.4833,68.92,91,19,4.88,few clouds
53,Bengkulu,ID,-3.8004,102.2655,76.03,90,84,3.11,broken clouds
54,Pundaguitan,PH,6.3711,126.1689,81.46,73,100,8.39,overcast clouds
55,Rincon,US,32.296,-81.2354,82.85,43,1,10.47,clear sky
56,Mount Isa,AU,-20.7333,139.5,80.37,34,83,9.22,broken clouds
57,Saskylakh,RU,71.9167,114.0833,-15.27,100,96,3.58,overcast clouds
58,Vao,NC,-22.6667,167.4833,75.7,73,4,11.54,clear sky
59,Butaritari,KI,3.0707,172.7902,81.14,78,54,15.86,broken clouds
60,Norman Wells,CA,65.282,-126.8329,19.44,45,0,6.91,clear sky
61,Bethel,US,41.3712,-73.414,70.36,52,1,1.99,clear sky
62,Port Lincoln,AU,-34.7333,135.8667,63.63,75,42,13.56,scattered clouds
63,Tazovskiy,RU,67.4667,78.7,34.38,98,100,16.31,overcast clouds
64,Carnarvon,AU,-24.8667,113.6333,60.87,77,0,9.22,clear sky
65,Karratha,AU,-20.7377,116.8463,79.39,35,1,1.72,light rain
66,Sorong,ID,-0.8833,131.25,81.5,76,100,5.26,overcast clouds
67,Puerto Ayora,EC,-0.7393,-90.3518,84.16,77,60,9.44,broken clouds
68,Massape,BR,-3.5228,-40.3428,76.66,91,52,4.83,very heavy rain
69,Sabang,ID,5.8933,95.3214,82.9,74,45,9.8,scattered clouds
70,Cape Town,ZA,-33.9258,18.4232,65.91,84,83,6.91,fog
71,Salina Cruz,MX,16.1667,-95.2,87.55,62,100,14.74,overcast clouds
72,Klaksvik,FO,62.2266,-6.589,41.92,84,100,22.66,overcast clouds
73,Mar Del Plata,AR,-38.0023,-57.5575,62.1,76,75,11.5,light intensity shower rain
74,Rahimatpur,IN,17.6,74.2,83.77,39,100,3.06,overcast clouds
75,Yellowknife,CA,62.456,-114.3525,10.42,58,20,8.05,few clouds
76,Analipsis,GR,35.3167,25.5667,57.11,57,1,3.47,clear sky
77,Aklavik,CA,68.2191,-135.0107,21.2,49,40,9.22,scattered clouds
78,Sinnamary,GF,5.3833,-52.95,78.98,84,43,11.77,scattered clouds
79,Wenling,CN,28.3669,121.36,65.23,97,100,2.66,overcast clouds
80,Acapulco,MX,16.8634,-99.8901,86.31,61,89,12.88,overcast clouds
81,Castro,BR,-24.7911,-50.0119,64.56,98,100,1.16,overcast clouds
82,Mansa,IN,29.9833,75.3833,80.76,12,1,5.53,clear sky
83,Mae Sai,TH,20.4335,99.8762,74.43,50,0,1.61,clear sky
84,Ponta Do Sol,PT,32.6667,-17.1,65.03,75,40,5.79,scattered clouds
85,San Cristobal,VE,7.7669,-72.225,80.78,53,38,6.15,scattered clouds
86,Upernavik,GL,72.7868,-56.1549,10.54,95,100,9.55,overcast clouds
87,Zavodouspenskoye,RU,56.8626,65.0155,39.49,79,100,8.1,overcast clouds
88,Te Anau,NZ,-45.4167,167.7167,45.25,83,78,0.83,broken clouds
89,Rawson,AR,-43.3002,-65.1023,63.81,28,36,15.95,scattered clouds
90,Santa Cruz,BO,-17.8,-63.1667,85.46,78,40,13.8,scattered clouds
91,Victoria,HK,22.2855,114.1577,77.38,88,12,4.0,few clouds
92,Chokurdakh,RU,70.6333,147.9167,-2.04,96,100,5.57,overcast clouds
93,Khatanga,RU,71.9667,102.5,-6.02,94,68,7.4,broken clouds
94,George,ZA,-33.963,22.4617,63.95,72,16,3.44,few clouds
95,Rancho Palos Verdes,US,33.7445,-118.387,71.42,41,0,15.99,clear sky
96,Ponta Delgada,PT,37.7333,-25.6667,61.52,88,40,8.05,scattered clouds
97,Ola,RU,59.5833,151.2833,9.37,71,59,9.1,broken clouds
98,Minervino Murge,IT,41.0843,16.0784,51.24,67,99,4.29,overcast clouds
99,Isangel,VU,-19.55,169.2667,80.49,77,11,4.0,few clouds
100,Coquimbo,CL,-29.9533,-71.3436,60.53,77,40,11.5,scattered clouds
101,Erie,US,42.7667,-78.6664,63.27,39,62,5.99,broken clouds
102,Cedar City,US,37.6775,-113.0619,34.39,44,96,6.2,overcast clouds
103,Kadom,RU,54.5592,42.4675,52.27,86,100,7.16,overcast clouds
104,Vaini,TO,-21.2,-175.2,82.56,78,20,9.22,few clouds
105,Netivot,IL,31.4222,34.5886,49.6,70,2,4.25,clear sky
106,Arraial Do Cabo,BR,-22.9661,-42.0278,80.56,74,0,13.8,clear sky
107,Yantal,RU,56.8471,105.2542,15.33,98,77,0.87,broken clouds
108,Lagoa,PT,39.05,-27.9833,61.21,79,90,19.46,overcast clouds
109,Chiang Rai,TH,19.9167,99.9167,81.0,94,5,1.14,clear sky
110,Torbay,CA,47.6666,-52.7314,41.29,77,100,26.46,overcast clouds
111,Atuona,PF,-9.8,-139.0333,79.36,74,24,16.71,few clouds
112,Mizan Teferi,ET,6.9833,35.5833,61.36,95,100,2.24,light rain
113,Tual,ID,-5.6667,132.75,82.44,76,80,5.21,broken clouds
114,Sisimiut,GL,66.9395,-53.6735,29.41,74,36,7.29,scattered clouds
115,Talnakh,RU,69.4865,88.3972,33.21,96,100,14.07,snow
116,Roma,US,43.2128,-75.4557,62.51,38,27,9.86,scattered clouds
117,Tessalit,ML,20.1986,1.0114,84.07,5,17,10.6,few clouds
118,Airai,TL,-8.9266,125.4092,61.29,79,99,1.36,moderate rain
119,Kavieng,PG,-2.5744,150.7967,82.4,73,30,10.0,scattered clouds
120,Nizhneudinsk,RU,54.9076,99.0276,24.08,89,100,3.0,overcast clouds
121,Anloga,GH,5.7947,0.8973,82.85,80,74,11.79,light rain
122,Bambous Virieux,MU,-20.3428,57.7575,77.22,94,40,12.66,light rain
123,Tuktoyaktuk,CA,69.4541,-133.0374,14.0,67,20,14.97,few clouds
124,Ribeira Grande,PT,38.5167,-28.7,63.0,88,75,11.5,broken clouds
125,Salta,AR,-24.7859,-65.4117,75.79,53,40,12.66,scattered clouds
126,Sitka,US,57.0531,-135.33,39.2,33,4,8.61,clear sky
127,Istok,XK,42.7808,20.4875,46.22,71,1,3.36,clear sky
128,Antalaha,MG,-14.9003,50.2788,73.74,87,19,6.2,few clouds
129,Zalantun,CN,48.0,122.7167,31.6,41,43,5.17,scattered clouds
130,Nhulunbuy,AU,-12.2333,136.7667,79.41,94,40,3.44,scattered clouds
131,Longyearbyen,SJ,78.2186,15.6401,15.64,79,75,6.91,broken clouds
132,New Norfolk,AU,-42.7826,147.0587,51.91,68,20,1.01,few clouds
133,Odweyne,SO,9.4092,45.064,78.1,34,3,8.3,clear sky
134,Port Elizabeth,ZA,-33.918,25.5701,67.32,90,99,1.01,overcast clouds
135,San Carlos De Bariloche,AR,-41.1456,-71.3082,47.32,55,5,11.39,clear sky
136,Saint-Augustin,CA,51.226,-58.6502,34.18,99,88,4.63,overcast clouds
137,Jamestown,US,42.097,-79.2353,67.51,10,47,3.27,scattered clouds
138,Nuuk,GL,64.1835,-51.7216,31.87,86,20,15.01,few clouds
139,Hit,IQ,33.6416,42.8251,65.91,24,0,3.91,clear sky
140,Morondava,MG,-20.2833,44.2833,78.12,83,1,6.98,clear sky
141,Severo-Kurilsk,RU,50.6789,156.125,30.02,83,81,3.42,broken clouds
142,Praia Da Vitoria,PT,38.7333,-27.0667,61.75,92,98,16.8,overcast clouds
143,Hasaki,JP,35.7333,140.8333,59.4,92,9,11.83,clear sky
144,Erzin,TR,36.9559,36.2,49.51,45,1,4.92,clear sky
145,Imbituba,BR,-28.24,-48.6703,77.83,92,81,0.6,broken clouds
146,Nadym,RU,65.5333,72.5167,31.28,93,56,10.4,broken clouds
147,Barrow,US,71.2906,-156.7887,1.06,75,100,10.33,overcast clouds
148,Tailai,CN,46.3833,123.4,36.99,31,8,7.7,clear sky
149,Porvoo,FI,60.3923,25.6651,38.16,92,47,5.1,scattered clouds
150,Mahebourg,MU,-20.4081,57.7,77.25,81,53,18.45,light rain
151,Sibu,MY,2.3,111.8167,73.29,99,100,1.21,overcast clouds
152,Synya,RU,65.3718,58.0387,36.19,99,100,6.82,overcast clouds
153,Pontal Do Parana,BR,-25.6533,-48.5128,73.98,96,100,4.61,light rain
154,Daru,PG,-9.0763,143.2092,81.5,85,100,9.57,overcast clouds
155,Port Augusta,AU,-32.5,137.7667,64.58,48,8,6.73,clear sky
156,Chernyshevskiy,RU,63.0128,112.4714,8.53,98,97,1.92,overcast clouds
157,Boksitogorsk,RU,59.474,33.8485,31.6,99,100,1.54,overcast clouds
158,Santa Helena De Goias,BR,-17.8136,-50.5969,80.85,66,92,0.87,overcast clouds
159,Sal Rei,CV,16.1833,-22.9167,69.3,79,100,17.29,overcast clouds
160,Geraldton,AU,-28.7667,114.6,57.61,94,0,4.61,clear sky
161,Beringovskiy,RU,63.05,179.3167,19.44,94,100,14.16,snow
162,Kruisfontein,ZA,-34.0033,24.7314,64.83,79,63,2.42,broken clouds
163,Seoul,KR,37.5683,126.9778,56.8,94,100,6.91,light rain
164,Codrington,AU,-38.2667,141.9667,53.49,87,76,2.98,broken clouds
165,Kumbo,CM,6.2,10.6667,60.96,94,100,3.6,moderate rain
166,Kahului,US,20.8947,-156.47,82.98,86,10,8.99,clear sky
167,Marsh Harbour,BS,26.5412,-77.0636,75.0,61,1,17.69,clear sky
168,Chivay,PE,-15.6383,-71.6011,58.35,26,0,12.84,clear sky
169,Maningrida,AU,-12.0667,134.2667,75.78,96,82,5.99,broken clouds
170,El Colorado,AR,-26.3081,-59.3729,73.47,76,89,4.45,overcast clouds
171,Hobyo,SO,5.3505,48.5268,82.63,72,6,12.48,clear sky
172,Carutapera,BR,-1.195,-46.02,77.29,91,100,5.99,moderate rain
173,Axim,GH,4.8699,-2.2405,81.43,80,100,9.86,overcast clouds
174,Benguela,AO,-12.5763,13.4055,76.14,87,27,4.72,light rain
175,Pisco,PE,-13.7,-76.2167,71.02,74,0,6.62,clear sky
176,Kot Addu,PK,30.4692,70.9671,81.81,22,58,9.06,broken clouds
177,Preobrazheniye,RU,42.9019,133.9064,37.45,73,100,4.45,overcast clouds
178,Santa Maria Del Oro,MX,25.9333,-105.3667,83.3,8,0,21.74,clear sky
179,Khorixas,NA,-20.3667,14.9667,72.79,53,100,3.85,overcast clouds
180,Kizhinga,RU,51.8462,109.9097,17.92,77,80,1.3,broken clouds
181,Saint George,US,37.1041,-113.5841,55.8,10,0,14.97,clear sky
182,Constitucion,CL,-35.3333,-72.4167,61.59,54,49,16.49,scattered clouds
183,Kaitangata,NZ,-46.2817,169.8464,49.08,76,98,5.64,overcast clouds
184,Kaohsiung,TW,22.6163,120.3133,77.04,76,40,2.3,scattered clouds
185,Martil,MA,35.6166,-5.2752,56.64,84,5,9.95,clear sky
186,Nishihara,JP,26.1842,127.7558,72.68,88,25,6.91,scattered clouds
187,Sundsvall,SE,62.3913,17.3063,31.96,86,0,5.75,clear sky
188,Presidencia Roque Saenz Pena,AR,-26.7852,-60.4388,73.74,77,76,4.7,broken clouds
189,Ranong,TH,9.9658,98.6348,79.03,86,53,3.02,broken clouds
190,Mayumba,GA,-3.432,10.6554,77.92,89,48,4.41,scattered clouds
191,Nikolskoye,RU,59.7035,30.7861,36.81,94,93,2.8,overcast clouds
192,Dunedin,NZ,-45.8742,170.5036,50.65,73,10,5.39,clear sky
193,Port Arthur,CN,38.8,121.2667,50.92,44,100,12.48,overcast clouds
194,Pevek,RU,69.7008,170.3133,-6.65,78,100,2.35,overcast clouds
195,Denpasar,ID,-8.65,115.2167,76.71,88,40,10.36,scattered clouds
196,Kavaratti,IN,10.5669,72.642,83.44,73,100,5.84,overcast clouds
197,Gavrilovka Vtoraya,RU,52.877,42.7663,50.83,89,92,8.52,overcast clouds
198,Dwarka,IN,22.2394,68.9678,79.57,82,0,12.62,clear sky
199,Vila,PT,42.0304,-8.1588,45.48,98,26,3.24,scattered clouds
200,Zhenhai,CN,24.2582,118.0905,68.36,83,0,3.85,clear sky
201,Saldanha,ZA,-33.0117,17.9442,62.71,86,71,9.82,broken clouds
202,Narsaq,GL,60.9167,-46.05,43.02,52,100,9.13,overcast clouds
203,Taoudenni,ML,22.6783,-3.9836,87.82,6,68,3.44,broken clouds
204,Conneaut,US,41.9476,-80.5542,68.86,57,39,6.02,scattered clouds
205,Cidreira,BR,-30.1811,-50.2056,70.59,92,69,7.7,broken clouds
206,Pemangkat,ID,1.1667,108.9667,76.91,89,65,3.85,broken clouds
207,East London,ZA,-33.0153,27.9116,67.05,89,100,0.92,light rain
208,Alice Springs,AU,-23.7,133.8833,69.22,32,5,0.0,clear sky
209,Dingle,PH,10.9995,122.6711,71.89,94,100,1.36,overcast clouds
210,Sao Filipe,CV,14.8961,-24.4956,70.79,76,100,11.77,overcast clouds
211,Kota Kinabalu,MY,5.9749,116.0724,75.18,88,20,5.01,few clouds
212,Erenhot,CN,43.6475,111.9767,38.08,47,89,15.46,overcast clouds
213,Nemuro,JP,43.3236,145.575,36.01,96,100,11.97,overcast clouds
214,Cap Malheureux,MU,-19.9842,57.6142,77.47,84,4,5.99,clear sky
215,Belmonte,BR,-15.8631,-38.8828,79.92,73,49,5.14,scattered clouds
216,Meulaboh,ID,4.1363,96.1285,76.73,89,83,3.09,broken clouds
217,Walvis Bay,NA,-22.9575,14.5053,59.09,82,100,4.99,overcast clouds
218,Mnogovershinnyy,RU,53.9353,139.9242,16.93,95,100,2.77,overcast clouds
219,Faanui,PF,-16.4833,-151.75,81.5,74,8,16.46,light rain
220,Los Llanos De Aridane,ES,28.6585,-17.9182,62.35,90,100,14.97,overcast clouds
221,Kargasok,RU,59.0556,80.8572,31.82,99,100,3.67,overcast clouds
222,Hami,CN,42.8,93.45,49.32,13,100,1.3,overcast clouds
223,Tevriz,RU,57.509,72.4042,25.3,93,26,4.14,scattered clouds
224,Makakilo City,US,21.3469,-158.0858,79.68,67,4,14.81,clear sky
225,Laem Sing,TH,12.4816,102.0738,85.14,82,47,7.34,scattered clouds
226,Lavrentiya,RU,65.5833,-171.0,19.17,85,100,10.27,overcast clouds
227,Cayenne,GF,4.9333,-52.3333,81.09,1,75,9.22,broken clouds
228,Jumla,NP,29.2747,82.1838,51.42,75,100,2.59,overcast clouds
229,Araouane,ML,18.9048,-3.5265,88.2,6,75,9.95,broken clouds
230,Korgen,NO,66.0771,13.8153,34.12,93,99,5.93,overcast clouds
231,Namibe,AO,-15.1961,12.1522,75.2,76,0,4.09,clear sky
232,Flin Flon,CA,54.7682,-101.865,26.26,71,100,11.68,overcast clouds
233,Segou,ML,13.4317,-6.2157,96.6,22,43,3.56,scattered clouds
234,Nurobod,UZ,40.9056,69.8023,62.8,47,5,5.23,clear sky
235,Stromness,GB,58.965,-3.296,44.56,87,100,11.99,overcast clouds
236,Gladstone,AU,-23.85,151.25,73.33,78,0,5.75,clear sky
237,Tshikapa,CD,-6.4167,20.8,75.52,74,39,1.23,scattered clouds
238,Sakakah,SA,29.9697,40.2064,67.73,23,0,9.19,clear sky
239,Paramonga,PE,-10.6667,-77.8333,70.34,78,15,12.59,few clouds
240,Alofi,NU,-19.0595,-169.9187,81.41,72,60,2.51,broken clouds
241,Okha,RU,53.5739,142.9478,23.63,86,100,8.84,overcast clouds
242,Hualmay,PE,-11.0964,-77.6139,71.06,75,14,11.97,few clouds
243,Georgetown,MY,5.4112,100.3354,80.53,78,40,3.44,scattered clouds
244,Charters Towers,AU,-20.1,146.2667,67.75,88,27,6.26,scattered clouds
245,Badarpur,IN,24.9,92.6,73.11,95,78,0.47,broken clouds
246,Forestville,US,38.8451,-76.875,80.13,43,0,1.01,clear sky
247,Hope,US,33.6671,-93.5916,73.98,85,100,14.18,moderate rain
248,Broome,US,42.2506,-75.833,65.17,37,0,8.05,clear sky
249,Arlit,NE,18.7369,7.3853,89.69,7,0,8.05,clear sky
250,Fort-Shevchenko,KZ,44.5086,50.263,49.8,93,69,21.74,broken clouds
251,Jinka,ET,5.65,36.65,66.49,66,69,2.3,broken clouds
252,Wamba,NG,8.9333,8.6,75.63,80,100,1.21,overcast clouds
253,Coos Bay,US,43.3665,-124.2179,48.24,85,75,10.36,broken clouds
254,Alyangula,AU,-13.8483,136.4192,82.24,79,100,7.18,overcast clouds
255,Betare Oya,CM,5.6,14.0833,77.47,60,91,1.48,overcast clouds
256,Kirovskiy,RU,45.0917,133.5136,34.54,79,86,1.32,overcast clouds
257,Iqaluit,CA,63.7506,-68.5145,16.7,78,13,15.01,few clouds
258,Punta Alta,AR,-38.8759,-62.0736,56.17,82,75,11.5,broken clouds
259,Kirya,TZ,-3.9167,37.4833,71.51,84,76,9.08,broken clouds
260,Souillac,MU,-20.5167,57.5167,76.71,83,68,17.31,light rain
261,Ukiah,US,39.1502,-123.2078,54.84,54,75,12.66,broken clouds
262,Dicabisagan,PH,17.0818,122.4157,75.04,87,100,4.79,overcast clouds
263,Le Port,RE,-20.9373,55.2919,77.0,71,36,4.83,scattered clouds
264,Duiwelskloof,ZA,-23.6934,30.14,68.02,55,90,3.47,overcast clouds
265,Tautira,PF,-17.7333,-149.15,81.52,71,36,17.18,scattered clouds
266,Meadow Lake,US,34.8014,-106.5436,70.48,18,100,34.2,overcast clouds
267,Bonavista,CA,48.6499,-53.1147,32.81,96,100,30.22,light snow
268,Srednekolymsk,RU,67.45,153.6833,-2.97,98,83,1.16,broken clouds
269,Bredasdorp,ZA,-34.5322,20.0403,65.66,80,95,1.86,overcast clouds
270,Mabaruma,GY,8.2,-59.7833,81.88,67,60,6.87,broken clouds
271,Phan Thiet,VN,10.9333,108.1,75.83,90,29,2.51,scattered clouds
272,Omboue,GA,-1.5746,9.2618,78.31,90,67,4.88,broken clouds
273,Morant Bay,JM,17.8815,-76.4093,82.02,70,47,11.54,scattered clouds
274,Vitim,RU,59.4511,112.5578,13.95,98,87,1.14,overcast clouds
275,Kutum,SD,14.2,24.6667,78.17,10,0,9.19,clear sky
276,Padang,ID,-0.9492,100.3543,76.69,88,48,3.04,scattered clouds
277,Davila,PH,18.4726,120.5763,78.3,81,99,6.96,overcast clouds
278,Tiksi,RU,71.6872,128.8694,-13.56,100,99,4.0,overcast clouds
279,Kodiak,US,57.79,-152.4072,44.11,65,0,12.66,clear sky
280,Illela,NG,13.7292,5.2975,91.92,14,4,4.76,clear sky
281,Nyirvasvari,HU,47.8167,22.1868,42.85,57,73,6.24,broken clouds
282,Bathsheba,BB,13.2167,-59.5167,83.01,61,20,20.71,few clouds
283,Tete,MZ,-16.1564,33.5867,72.41,91,2,1.99,clear sky
284,Maragogi,BR,-9.0122,-35.2225,78.64,80,89,6.98,overcast clouds
285,Lompoc,US,34.6391,-120.4579,70.57,51,0,21.99,clear sky
286,Surt,LY,31.2089,16.5887,61.5,65,100,19.73,overcast clouds
287,Marrakesh,MA,31.6315,-8.0083,62.67,59,40,11.5,scattered clouds
288,Halifax,CA,44.6453,-63.5724,45.34,92,100,10.0,light intensity shower rain
289,Mae Chan,TH,20.1467,99.8526,72.79,51,2,1.54,clear sky
290,Westport,US,41.1415,-73.3579,72.63,47,0,11.5,clear sky
291,Blythe,US,33.6103,-114.5964,72.05,6,0,23.02,clear sky
292,Jacareacanga,BR,-6.2222,-57.7528,79.38,94,99,1.3,overcast clouds
293,Vila Velha,BR,-20.3297,-40.2925,79.95,83,45,3.0,scattered clouds
294,Hofn,IS,64.2539,-15.2082,36.5,80,81,18.03,broken clouds
295,Fort Nelson,CA,58.8053,-122.7002,17.55,67,100,4.52,overcast clouds
296,Fuyang,CN,32.9,115.8167,50.81,61,100,8.66,light rain
297,Honiara,SB,-9.4333,159.95,79.81,82,43,4.52,scattered clouds
298,Perth,AU,-31.9333,115.8333,57.38,86,0,6.91,clear sky
299,Old Saybrook,US,41.2918,-72.3762,72.05,51,0,9.22,clear sky
300,Kedougou,SN,12.5579,-12.1743,94.84,15,77,1.9,broken clouds
301,Bilibino,RU,68.0546,166.4372,6.03,62,100,3.24,overcast clouds
302,Avera,US,33.194,-82.5271,83.55,46,27,9.48,scattered clouds
303,Suez,EG,29.9737,32.5263,58.55,64,0,10.54,clear sky
304,Nisia Floresta,BR,-6.0911,-35.2086,81.41,79,98,7.99,overcast clouds
305,Kupang,ID,-10.1667,123.5833,76.77,85,71,3.09,broken clouds
306,Beaverlodge,CA,55.2166,-119.4361,15.15,55,100,10.42,overcast clouds
307,Berbera,SO,10.4396,45.0143,83.89,66,5,1.61,clear sky
308,Qaanaaq,GL,77.484,-69.3632,1.63,93,97,4.7,overcast clouds
309,Mitchell,US,43.7094,-98.0298,64.38,63,75,18.41,broken clouds
310,Bengbu,CN,32.9408,117.3608,50.72,75,100,8.3,overcast clouds
311,Sovetskiy,RU,61.3614,63.5842,35.29,98,100,6.98,overcast clouds
312,Luderitz,NA,-26.6481,15.1594,60.48,87,6,1.74,clear sky
313,Hovd,MN,48.0056,91.6419,31.86,32,0,1.19,clear sky
314,Havre-Saint-Pierre,CA,50.2334,-63.5986,35.11,82,100,2.48,overcast clouds
315,Channel-Port Aux Basques,CA,47.5702,-59.1367,36.64,71,97,12.75,overcast clouds
316,Abu Dhabi,AE,24.4667,54.3667,86.11,60,0,3.44,clear sky
317,Lahaina,US,20.8783,-156.6825,82.96,86,17,6.73,few clouds
318,Road Town,VG,18.4167,-64.6167,82.44,57,20,11.5,few clouds
319,Shizunai,JP,42.3339,142.3669,44.85,92,100,12.73,overcast clouds
320,Mugur-Aksy,RU,50.35,90.5,20.84,73,2,7.9,clear sky
321,Komsomolskiy,UZ,40.4272,71.7189,63.32,59,68,4.61,broken clouds
322,Sabirabad,AZ,40.0095,48.4752,54.82,40,5,23.38,clear sky
323,General Pico,AR,-35.6566,-63.7568,62.53,30,7,13.11,clear sky
324,Saint Anthony,US,45.0205,-93.218,52.25,61,100,13.8,light rain
325,Isiro,CD,2.7739,27.616,72.43,71,85,1.97,overcast clouds
326,Mirzapur,IN,25.15,82.5833,83.41,35,91,7.09,overcast clouds
327,Wanxian,CN,30.8039,108.3897,58.91,92,1,3.6,clear sky
328,Lengshuijiang,CN,27.6881,111.4294,59.34,91,100,8.28,overcast clouds
329,Trairi,BR,-3.2778,-39.2689,78.53,84,99,7.74,overcast clouds
330,Ajdabiya,LY,30.7554,20.2263,63.19,52,100,7.0,overcast clouds
331,Nador,MA,35.174,-2.9287,61.05,77,0,3.44,clear sky
332,Ushtobe,KZ,45.2514,77.9838,54.21,30,100,9.01,overcast clouds
333,Namie,JP,37.4833,141.0,59.23,70,21,3.44,few clouds
334,Torbat-E Jam,IR,35.244,60.6225,66.72,25,0,1.21,clear sky
335,Itoman,JP,26.1247,127.6694,73.42,92,75,9.22,broken clouds
336,Auki,SB,-8.7676,160.7034,81.14,73,100,3.85,overcast clouds
337,General Roca,AR,-39.0333,-67.5833,66.61,17,0,16.6,clear sky
338,San Patricio,US,28.017,-97.5169,92.16,59,39,19.57,scattered clouds
339,Rio Gallegos,AR,-51.6226,-69.2181,53.65,37,40,33.38,scattered clouds
340,Eureka,US,40.8021,-124.1637,52.18,61,75,5.99,broken clouds
341,Puyo,EC,-1.4667,-77.9833,76.24,83,75,4.61,broken clouds
342,Marzuq,YE,14.4,46.4667,73.49,20,0,6.71,clear sky
343,Otane,NZ,-39.8833,176.6333,59.02,95,100,9.1,moderate rain
344,Fortuna,US,40.5982,-124.1573,51.91,61,40,10.36,scattered clouds
345,Inta,RU,66.0317,60.1659,36.07,100,100,8.16,overcast clouds
346,Lebu,CL,-37.6167,-73.65,54.77,70,0,18.16,clear sky
347,Bagdarin,RU,54.4333,113.6,18.7,95,100,3.74,overcast clouds
348,Yabelo,ET,4.8833,38.0833,60.94,75,81,5.26,broken clouds
349,Amahai,ID,-3.3333,128.9167,78.06,82,99,3.94,overcast clouds
350,Weiswampach,LU,50.1372,6.075,53.69,89,100,3.2,overcast clouds
351,Bumba,CD,2.1833,22.4667,75.65,76,9,2.33,clear sky
352,Poum,NC,-20.2333,164.0167,77.94,67,3,16.84,clear sky
353,Maceio,BR,-9.6658,-35.7353,78.24,83,0,8.05,clear sky
354,Laguna,US,38.421,-121.4238,63.32,26,0,11.5,clear sky
355,Sorland,NO,67.667,12.6934,39.11,80,67,9.93,broken clouds
356,Ekhabi,RU,53.5102,142.9671,23.36,86,100,8.63,overcast clouds
357,Zelenogorskiy,RU,55.0333,87.0,32.16,92,100,4.63,overcast clouds
358,Oranjemund,NA,-28.55,16.4333,62.4,80,10,4.56,clear sky
359,Coihaique,CL,-45.5752,-72.0662,51.75,58,75,10.36,broken clouds
360,Conway,US,35.0887,-92.4421,79.99,64,93,5.01,overcast clouds
361,Maldonado,UY,-34.6667,-54.9167,66.22,59,0,4.83,clear sky
362,Edd,ER,13.9297,41.6925,87.62,46,24,14.18,few clouds
363,Balkanabat,TM,39.5108,54.3671,81.5,18,11,13.02,few clouds
364,Kununurra,AU,-15.7667,128.7333,75.18,94,40,6.91,scattered clouds
365,Colares,PT,38.7992,-9.4469,60.3,78,40,15.01,scattered clouds
366,Yaan,NG,7.3833,8.5667,75.72,80,98,7.99,moderate rain
367,Tuatapere,NZ,-46.1333,167.6833,48.7,76,80,3.11,broken clouds
368,Lorengau,PG,-2.0226,147.2712,80.58,76,26,3.51,scattered clouds
369,Asau,RO,46.4333,26.4,40.28,85,98,4.38,overcast clouds
370,Leningradskiy,RU,69.3833,178.4167,-1.95,88,76,10.33,broken clouds
371,Gazojak,TM,41.1875,61.4036,68.04,32,0,11.92,clear sky
372,Maniitsoq,GL,65.4167,-52.9,28.13,83,88,11.36,overcast clouds
373,Ilulissat,GL,69.2167,-51.1,28.42,64,0,8.05,clear sky
374,Yumen,CN,40.2833,97.2,40.86,14,100,16.2,overcast clouds
375,Tamarac,US,26.2129,-80.2498,81.03,60,75,20.71,broken clouds
376,Griffith,US,41.5284,-87.4237,69.04,61,100,16.11,overcast clouds
377,Flinders,AU,-34.5833,150.8552,61.18,84,39,10.0,light rain
378,Norfolk,US,42.1668,-71.2495,70.47,47,5,4.0,clear sky
379,Yumbe,UG,3.4651,31.2469,67.35,89,78,3.85,broken clouds
380,Tahta,EG,26.7693,31.5021,66.79,31,0,16.17,clear sky
381,Salalah,OM,17.0151,54.0924,80.69,89,40,2.3,scattered clouds
382,Gambela,ET,8.25,34.5833,75.2,79,100,8.68,light rain
383,Adre,TD,13.4667,22.2,81.95,35,31,4.92,scattered clouds
384,Yulara,AU,-25.2406,130.9889,84.04,26,95,12.66,overcast clouds
385,Progreso,MX,21.2833,-89.6667,97.11,51,66,13.06,broken clouds
386,Hagerstown,US,39.6418,-77.72,76.84,49,20,4.61,few clouds
387,Cusset,FR,46.13,3.4596,55.74,59,100,3.24,overcast clouds
388,Sibolga,ID,1.7427,98.7792,75.47,88,29,3.65,scattered clouds
389,Buraydah,SA,26.326,43.975,77.16,16,58,8.95,broken clouds
390,Atar,MR,20.5169,-13.0499,84.99,14,39,9.19,scattered clouds
391,Camacupa,AO,-12.0167,17.4833,61.92,93,52,3.47,broken clouds
392,College,US,64.8569,-147.8028,42.58,31,40,5.01,scattered clouds
393,Vardo,NO,70.3705,31.1107,28.26,79,88,15.39,overcast clouds
394,Terre Haute,US,39.4667,-87.4139,69.04,82,100,12.66,overcast clouds
395,Kamenka,RU,51.3223,42.7678,52.18,77,37,13.27,scattered clouds
396,Broken Hill,AU,-31.95,141.4333,59.88,37,11,11.23,few clouds
397,Grand Gaube,MU,-20.0064,57.6608,77.38,84,5,5.99,clear sky
398,Pirapora,BR,-17.345,-44.9419,81.07,57,89,2.04,overcast clouds
399,Tanggu,CN,39.0211,117.6469,46.36,42,100,6.67,overcast clouds
400,Ilhabela,BR,-23.7781,-45.3581,75.51,92,87,3.78,light rain
401,Khani,GE,41.9563,42.9566,35.17,99,100,2.46,overcast clouds
402,Elbasan,AL,41.1125,20.0822,43.52,77,8,3.02,clear sky
403,Lakheri,IN,25.6667,76.1667,85.14,14,4,6.98,clear sky
404,Saint-Francois,FR,46.4154,3.9054,53.42,71,0,3.44,clear sky
405,Mango,US,27.9797,-82.3065,89.06,43,0,9.22,clear sky
406,Kitui,KE,-1.367,38.0106,66.88,78,100,5.99,light rain
407,Shasta Lake,US,40.6804,-122.3708,58.55,31,86,1.99,overcast clouds
408,Keningau,MY,5.3378,116.1602,68.34,98,99,0.2,overcast clouds
409,Popondetta,PG,-8.7537,148.2534,75.81,84,41,2.48,scattered clouds
410,Katsuura,JP,35.1333,140.3,62.56,95,9,11.59,clear sky
411,Pangody,RU,65.85,74.4859,34.43,99,100,13.18,overcast clouds
412,Kagoro,NG,9.6,8.3833,70.66,79,100,2.46,overcast clouds
413,Pahalgam,IN,34.0333,75.3333,43.74,93,100,5.28,overcast clouds
414,Kaman,IN,27.65,77.2667,86.09,14,8,3.98,clear sky
415,La Cumbre,AR,-30.982,-64.4914,57.18,88,84,3.91,broken clouds
416,Clyde River,CA,70.4692,-68.5914,3.02,88,98,7.72,overcast clouds
417,Colwyn Bay,GB,53.2948,-3.7267,54.91,90,100,5.99,overcast clouds
418,Shingu,JP,33.7333,135.9833,66.06,88,100,3.47,overcast clouds
419,Batsfjord,NO,70.6345,29.7185,30.13,80,75,19.57,light snow
420,Carballo,ES,43.213,-8.691,55.76,88,22,5.53,few clouds
421,Merritt Island,US,28.5392,-80.672,80.19,57,0,13.8,clear sky
422,Ust-Kuyga,RU,70.0167,135.6,-2.04,99,100,1.57,overcast clouds
423,Coahuayana,MX,18.7333,-103.6833,90.66,42,84,7.65,broken clouds
424,Columbio,PH,6.6964,124.9372,73.06,93,64,0.38,broken clouds
425,Mahibadhoo,MV,3.7833,72.9667,84.16,73,30,12.82,scattered clouds
426,Devonport,AU,-41.1667,146.35,51.01,84,3,5.84,clear sky
427,At-Bashi,KG,41.1702,75.8106,47.73,57,55,2.01,broken clouds
428,San Policarpo,PH,12.1791,125.5072,78.08,88,100,11.81,overcast clouds
429,Madaoua,NE,14.073,5.96,90.18,8,3,5.93,clear sky
430,Ruwi,OM,23.5996,58.5507,89.29,33,0,8.03,clear sky
431,Nanortalik,GL,60.1432,-45.2371,35.47,69,100,4.7,overcast clouds
432,Olinda,BR,-8.0089,-34.8553,82.13,74,40,6.91,scattered clouds
433,Miri,MY,4.4148,114.0089,74.71,93,100,4.97,overcast clouds
434,Christchurch,NZ,-43.5333,172.6333,57.99,83,81,1.14,broken clouds
435,Muhos,FI,64.808,25.9931,26.89,97,10,1.07,clear sky
436,Doha,QA,25.2867,51.5333,84.51,32,0,3.44,clear sky
437,Paraguacu Paulista,BR,-22.4128,-50.5758,77.36,77,39,4.68,scattered clouds
438,Ofunato,JP,39.0717,141.7167,57.06,70,100,5.73,overcast clouds
439,Plettenberg Bay,ZA,-34.0527,23.3716,68.5,62,0,3.87,clear sky
440,Chuy,UY,-33.6971,-53.4616,63.97,63,87,7.58,overcast clouds
441,Srandakan,ID,-7.9386,110.2506,75.85,87,43,3.29,scattered clouds
442,Kiunga,PG,-6.1219,141.2906,72.72,99,100,2.21,overcast clouds
443,Nhamunda,BR,-2.1861,-56.7131,77.5,96,100,2.44,overcast clouds
444,Svetlyy,RU,54.675,20.1347,30.25,69,95,4.54,overcast clouds
445,Anzhero-Sudzhensk,RU,56.081,86.0285,32.7,99,100,2.44,overcast clouds
446,Sur,OM,22.5667,59.5289,86.13,31,0,7.4,clear sky
447,Jijiga,ET,9.35,42.8,67.6,66,58,2.75,broken clouds
448,Mykhaylivka,UA,47.2724,35.2224,40.93,72,100,16.82,overcast clouds
449,Heihe,CN,50.2441,127.4902,21.78,74,13,4.16,few clouds
450,Sandviken,SE,60.6167,16.7667,30.11,92,92,2.75,overcast clouds
451,Lagunas,PE,-5.2269,-75.6753,85.35,66,65,4.88,broken clouds
452,Sola,VU,-13.8833,167.55,81.99,67,34,8.08,scattered clouds
453,Caravelas,BR,-17.7125,-39.2481,77.11,80,85,4.99,overcast clouds
454,Suwannaphum,TH,15.6035,103.8021,82.85,55,90,5.77,overcast clouds
455,Nome,US,64.5011,-165.4064,36.16,69,100,8.05,overcast clouds
456,Namtsy,RU,62.7161,129.6658,6.55,98,96,2.86,overcast clouds
457,Pacific Grove,US,36.6177,-121.9166,61.88,55,0,14.0,clear sky
458,Pendleton,US,45.6721,-118.7886,46.0,72,20,16.11,few clouds
459,Puerto Escondido,MX,15.85,-97.0667,86.83,70,100,9.22,overcast clouds
460,Coacoyul,MX,17.8058,-99.11,90.5,24,86,3.58,overcast clouds
461,Itarema,BR,-2.9248,-39.9167,78.73,85,100,8.86,overcast clouds
462,Chau Doc,VN,10.7,105.1167,79.59,82,42,4.61,scattered clouds
463,Suntar,RU,62.1444,117.6319,16.45,100,95,2.75,overcast clouds
464,Mantua,IT,45.1667,10.7833,56.44,72,100,3.0,overcast clouds
465,Lagos,NG,6.5833,3.75,79.05,89,97,0.49,light rain
466,Uruzgan,AF,32.8333,66.0,61.32,15,0,3.06,clear sky
467,Aitape,PG,-3.1374,142.3475,77.29,86,55,6.26,broken clouds
468,Samur,RU,41.8253,48.486,50.95,80,48,12.86,scattered clouds
469,Grootfontein,NA,-19.5667,18.1167,66.99,65,99,5.41,overcast clouds
470,Dongying,CN,37.4564,118.4856,50.56,41,100,8.88,overcast clouds
471,Hambantota,LK,6.1241,81.1185,79.72,84,100,8.19,overcast clouds
472,Pangnirtung,CA,66.1451,-65.7125,16.43,97,99,3.78,overcast clouds
473,Karakol,KG,42.4907,78.3936,50.34,67,100,4.29,overcast clouds
474,Port Said,EG,31.2565,32.2841,60.17,64,0,11.65,clear sky
475,Oum Hadjer,TD,13.2954,19.6966,91.83,13,10,2.73,clear sky
476,Gornozavodsk,RU,58.3758,58.3211,30.58,96,96,4.21,overcast clouds
477,Mmathubudukwane,BW,-24.6,26.4333,68.11,67,76,3.65,broken clouds
478,Koumac,NC,-20.5667,164.2833,76.77,68,2,9.75,clear sky
479,Vila Franca Do Campo,PT,37.7167,-25.4333,61.21,89,100,8.43,overcast clouds
480,Muscat,OM,23.6139,58.5922,89.62,37,0,8.3,clear sky
481,Aripuana,BR,-9.1667,-60.6333,80.28,90,93,0.87,overcast clouds
482,Hashtgerd,IR,35.9642,50.6858,67.32,27,99,4.5,overcast clouds
483,Wau,SS,7.7029,27.9953,84.13,40,62,4.12,broken clouds
484,Namatanai,PG,-3.6667,152.4333,79.81,75,37,7.11,scattered clouds
485,Shadrinsk,RU,56.0852,63.6335,36.79,82,100,9.78,overcast clouds
486,Toshkivka,UA,48.7791,38.579,45.18,92,100,11.27,light rain
487,Grindavik,IS,63.8424,-22.4338,41.47,81,20,5.75,few clouds
488,Smithers,CA,54.7804,-127.1743,27.66,33,99,10.33,overcast clouds
489,Leh,IN,34.1667,77.5833,31.93,71,100,3.98,overcast clouds
490,Kuytun,RU,54.3419,101.5036,26.83,70,100,4.43,overcast clouds
491,Vostok,RU,46.4856,135.8833,27.57,93,100,1.88,overcast clouds
492,Mariental,NA,-24.6333,17.9667,72.95,17,94,14.12,overcast clouds
493,Dickson,US,36.077,-87.3878,77.65,61,75,14.97,broken clouds
494,Kulhudhuffushi,MV,6.6221,73.07,83.26,71,57,4.18,broken clouds
495,Liberal,US,37.0431,-100.921,87.94,10,20,37.98,few clouds
496,Pacasmayo,PE,-7.4006,-79.5714,72.18,75,11,15.39,few clouds
497,Sao Felix Do Xingu,BR,-6.6447,-51.995,77.09,92,62,3.18,broken clouds
498,Wajir,KE,1.7471,40.0573,79.09,73,59,14.12,broken clouds
499,Jati,PK,24.3539,68.2671,79.38,71,0,16.17,clear sky
500,Dunhua,CN,43.3725,128.2425,32.52,64,73,3.53,broken clouds
501,Mayo,US,38.8876,-76.5119,80.67,55,0,11.01,clear sky
502,Kachiry,KZ,53.0675,76.1036,38.12,68,7,11.92,clear sky
503,Notse,TG,6.95,1.1667,74.12,89,100,3.24,moderate rain
504,Bowen,AU,-20.0167,148.2333,72.27,85,67,8.25,broken clouds
505,Mattru,SL,7.6244,-11.8332,76.95,86,68,6.46,moderate rain
506,Ust-Barguzin,RU,53.45,108.9833,15.04,93,70,3.13,broken clouds
507,Banamba,ML,13.55,-7.45,86.76,30,93,7.85,overcast clouds
508,Bandarbeyla,SO,9.4942,50.8122,80.83,81,9,4.18,clear sky
509,Bosobolo,CD,4.1833,19.9,77.68,65,61,2.26,light rain
510,Najran,SA,17.4924,44.1277,75.65,24,0,5.53,clear sky
511,Tarko-Sale,RU,64.9225,77.785,33.39,94,99,16.11,overcast clouds
512,Pochutla,MX,15.7432,-96.4661,87.82,47,100,11.95,overcast clouds
513,Aberfeldy,GB,56.62,-3.8645,44.49,99,100,2.26,light rain
514,Bani Walid,LY,31.7566,13.9942,58.08,73,100,15.41,overcast clouds
515,Borzya,RU,50.3833,116.5167,26.71,67,34,3.09,scattered clouds
516,Talaya,RU,61.3833,152.75,-12.39,100,100,1.52,overcast clouds
517,Beni,CD,0.5,29.4667,64.53,87,10,2.57,clear sky
518,Puerto Del Rosario,ES,28.5004,-13.8627,65.95,68,40,16.11,scattered clouds
519,Ahipara,NZ,-35.1667,173.1667,65.91,80,100,17.78,light rain
520,Zhezkazgan,KZ,47.8043,67.7144,51.78,61,58,5.35,broken clouds
521,Ankazoabo,MG,-22.2833,44.5167,69.89,63,66,3.31,broken clouds
522,Tigil,RU,57.8,158.6667,18.25,88,100,11.23,overcast clouds
523,Hereford,GB,52.0568,-2.7148,53.74,93,100,1.01,overcast clouds
524,Sangar,RU,63.9242,127.4739,-5.37,100,92,1.66,overcast clouds
525,Puerto Madryn,AR,-42.7692,-65.0385,64.29,26,37,19.57,scattered clouds
526,Tutoia,BR,-2.7619,-42.2744,79.29,83,99,8.34,overcast clouds
527,Mozarlandia,BR,-14.7447,-50.5706,84.0,60,17,4.14,few clouds
528,Svetlogorsk,BY,52.6333,29.7333,41.56,59,100,16.6,overcast clouds
529,Fukue,JP,32.6881,128.8419,64.51,88,90,0.89,overcast clouds
530,Redcliffe,AU,-27.2307,153.0973,68.9,83,75,5.75,broken clouds
531,Samarai,PG,-10.6167,150.6667,83.21,75,92,9.53,overcast clouds
532,Adrar,MR,20.5022,-10.0711,83.48,10,67,10.07,broken clouds
533,Hay River,CA,60.8156,-115.7999,12.06,71,100,6.29,overcast clouds
534,Amapa,BR,1.0,-52.0,73.22,99,100,1.52,overcast clouds
535,Twin Falls,US,42.3505,-114.6445,35.49,86,100,20.71,mist
536,Siguiri,GN,11.6667,-9.5,83.8,48,100,2.73,light rain
537,Jagdalpur,IN,19.0667,82.0333,78.6,50,9,8.9,clear sky
538,Ancud,CL,-41.8697,-73.8203,54.23,72,80,7.16,broken clouds
539,Luanda,AO,-8.8368,13.2343,78.8,89,100,9.22,thunderstorm with rain
540,Dzitbalche,MX,20.3167,-90.05,102.43,25,88,9.98,overcast clouds
541,Nalut,LY,30.3333,10.85,73.15,18,6,23.78,clear sky
542,Kiruna,SE,67.8557,20.2251,18.52,93,24,5.75,few clouds
543,Barentu,ER,15.1139,37.5928,78.37,41,38,6.38,scattered clouds
544,Sumter,US,28.7086,-82.0831,87.08,47,43,8.46,scattered clouds
545,Kudahuvadhoo,MV,2.6708,72.8944,83.3,76,33,13.67,scattered clouds
546,Aswan,EG,24.0934,32.907,74.37,18,48,17.65,scattered clouds
547,Providencia,MX,28.7167,-111.5833,84.2,49,0,14.88,clear sky
548,Luganville,VU,-15.5333,167.1667,80.47,81,85,3.02,overcast clouds
549,Altay,CN,47.8667,88.1167,37.2,39,0,8.77,clear sky
550,Phangnga,TH,8.4509,98.5298,78.84,95,68,2.26,broken clouds
551,Namuac,PH,18.6109,121.1657,76.46,83,99,7.16,overcast clouds
552,Jackson,US,42.4165,-122.8345,49.39,66,75,6.91,broken clouds
553,Curaca,BR,-8.9903,-39.9094,88.86,26,36,9.08,scattered clouds
554,Gainesville,US,29.6516,-82.3248,86.02,40,0,5.75,clear sky
555,Touros,BR,-5.1989,-35.4608,80.29,76,83,10.67,broken clouds
556,Ismailia,EG,30.6043,32.2723,58.37,64,0,7.94,clear sky
557,Marystown,CA,47.1666,-55.1483,44.85,100,43,13.0,scattered clouds
558,Jardim,BR,-21.4803,-56.1381,80.26,72,85,6.73,overcast clouds
559,Vanimo,PG,-2.6741,141.3028,76.57,90,99,6.87,overcast clouds
560,Ust-Tsilma,RU,65.441,52.1498,32.95,100,100,0.78,overcast clouds
561,Dauphin,CA,51.1494,-100.0502,27.25,70,100,12.68,overcast clouds
562,The Pas,CA,53.8251,-101.2541,27.19,77,100,10.27,overcast clouds
563,Santa Maria,BR,-29.6842,-53.8069,69.4,92,25,5.35,scattered clouds
564,Santiago,CL,-33.4569,-70.6483,71.17,32,75,11.5,broken clouds
565,Gimli,CA,50.6336,-96.9907,31.12,63,100,12.17,overcast clouds
566,Tiarei,PF,-17.5333,-149.3333,86.02,75,12,17.36,few clouds
567,Kirakira,SB,-10.4544,161.9205,82.35,77,45,6.64,scattered clouds
568,Camana,PE,-16.6228,-72.7111,69.12,74,66,9.28,broken clouds
569,Honningsvag,NO,70.9821,25.9704,29.95,74,75,14.97,light snow
570,Kysyl-Syr,RU,63.8986,122.7617,-4.47,100,100,1.9,overcast clouds
571,Baruun-Urt,MN,46.6806,113.2792,30.22,56,100,11.65,overcast clouds
572,Huarmey,PE,-10.0681,-78.1522,71.96,74,16,13.42,few clouds
573,Marsa Matruh,EG,31.3525,27.2453,58.15,61,0,13.85,clear sky
574,Usakos,NA,-22.0,15.6,72.73,39,100,1.19,overcast clouds
575,Paamiut,GL,61.994,-49.6678,30.81,79,10,9.55,clear sky
576,Badin,PK,24.656,68.8384,79.84,69,0,14.56,clear sky
577,La Libertad,EC,-2.2333,-80.9,76.66,73,40,8.05,scattered clouds
578,Haines Junction,CA,60.7522,-137.5108,30.15,24,6,4.61,clear sky
579,Ketchikan,US,55.3422,-131.6461,43.27,21,0,9.22,clear sky
580,Dongli,CN,23.5656,116.8194,73.06,82,0,2.15,clear sky
581,Olafsvik,IS,64.8945,-23.7142,36.82,76,32,13.11,scattered clouds
582,Umm Kaddadah,SD,13.6017,26.6876,83.8,9,0,11.88,clear sky
583,Lander,US,42.833,-108.7307,24.12,81,100,12.66,light snow
584,Takahashi,JP,34.7833,133.6167,63.18,94,100,1.1,overcast clouds
585,Rabo De Peixe,PT,37.8,-25.5833,60.31,88,40,8.05,scattered clouds
586,Chalus,IR,36.655,51.4204,75.52,33,79,12.39,broken clouds
587,Ulaanbaatar,MN,47.9077,106.8832,14.13,85,0,2.24,clear sky
588,Zhongxing,CN,33.7039,118.6792,49.8,71,100,12.8,overcast clouds
589,Salamiyah,SY,35.0113,37.0532,49.73,85,0,15.73,clear sky
590,Silopi,TR,37.2497,42.4694,54.64,55,95,4.05,overcast clouds
591,Graaff-Reinet,ZA,-32.2522,24.5308,67.14,48,42,4.7,scattered clouds
592,San Quintin,MX,30.4833,-115.95,61.48,52,0,23.87,clear sky
593,Grand-Santi,GF,4.25,-54.3833,76.87,96,96,3.49,overcast clouds
594,Wright,US,45.1833,-93.9502,51.64,74,100,18.41,light rain
595,Sherbakul,RU,54.6316,72.3963,39.16,69,74,10.98,broken clouds
596,Teningen,DE,48.1295,7.8121,64.49,59,100,1.97,overcast clouds
597,Borba,BR,-4.3878,-59.5939,78.1,95,100,3.09,overcast clouds
598,Amga,RU,60.8953,131.9608,2.5,100,100,0.43,overcast clouds
599,Mount Gambier,AU,-37.8333,140.7667,46.33,95,0,3.67,clear sky
600,Teguise,ES,29.0605,-13.564,61.02,72,20,12.66,few clouds
601,Ribas Do Rio Pardo,BR,-20.4431,-53.7592,85.24,54,38,9.95,scattered clouds
602,Umm Lajj,SA,25.0213,37.2685,74.93,63,98,9.66,overcast clouds
603,Kloulklubed,PW,7.0419,134.2556,81.1,82,59,20.49,broken clouds
604,Tezu,IN,27.9167,96.1667,70.12,70,29,4.27,scattered clouds
605,Buchanan,LR,5.8808,-10.0467,79.93,87,100,4.36,overcast clouds
606,Jha Jha,IN,24.7667,86.3667,81.55,65,100,7.87,overcast clouds
607,Wajima,JP,37.4,136.9,57.22,87,99,2.59,overcast clouds
608,Salinas,US,36.6777,-121.6555,63.99,45,0,16.11,clear sky
609,Elko,US,41.0002,-115.5012,33.64,45,100,17.0,overcast clouds
610,Srivardhan,IN,18.0333,73.0167,82.33,68,87,5.37,overcast clouds
611,Anuradhapura,LK,8.3565,80.4173,75.09,94,89,3.71,overcast clouds
612,Millau,FR,44.0833,2.9167,51.93,87,98,12.26,overcast clouds
613,Belyy Yar,RU,53.6039,91.3903,30.09,76,40,6.71,scattered clouds
614,Auch,FR,43.65,0.5833,57.25,88,98,3.0,overcast clouds
615,Kerrobert,CA,51.9168,-109.1348,15.85,50,100,19.08,overcast clouds
616,Tilichiki,RU,60.4667,166.1,9.57,91,100,12.73,overcast clouds
617,Peski,RU,55.2163,38.7626,51.28,87,100,3.51,overcast clouds
618,Deputatskiy,RU,69.3,139.9,0.19,96,100,2.39,light snow
619,Romny,UA,50.751,33.4747,33.94,99,100,14.05,overcast clouds
620,Pecos,US,31.4229,-103.4932,92.23,6,0,25.32,clear sky
621,Hvide Sande,DK,56.0045,8.1294,46.09,72,100,21.81,overcast clouds
622,Baoma,CN,31.4859,106.1128,58.73,72,3,4.07,clear sky
623,Kaeo,NZ,-35.1,173.7833,66.33,85,100,12.33,light rain
624,Nyurba,RU,63.2842,118.3319,6.42,100,97,1.3,overcast clouds
625,Calama,CL,-22.4667,-68.9333,66.69,19,0,26.46,clear sky
626,Mangrol,IN,21.1167,70.1167,79.74,77,0,8.99,clear sky
627,Klaebu,NO,63.2976,10.4826,37.94,76,100,4.79,overcast clouds
628,Bukachacha,RU,52.9833,116.9167,17.8,82,18,3.89,few clouds
629,Iwanai,JP,42.9744,140.5089,43.9,91,100,3.69,overcast clouds
630,Turayf,SA,31.6725,38.6637,53.85,62,0,10.36,clear sky
631,Mareeba,AU,-17.0,145.4333,74.12,95,79,1.99,broken clouds
632,Cascais,PT,38.6979,-9.4215,60.48,76,40,15.01,scattered clouds
633,Shenjiamen,CN,29.9576,122.298,62.02,98,100,11.92,overcast clouds
634,Saint Stephen,GB,50.3333,-4.9,53.87,94,75,9.22,broken clouds
635,Wembley,AU,-31.9333,115.8,56.79,89,0,10.36,clear sky
636,Sumbe,AO,-11.2061,13.8437,77.11,91,80,8.23,broken clouds
637,Zhanaozen,KZ,43.3,52.8,70.77,29,67,20.65,broken clouds
638,Oyem,GA,1.5995,11.5793,70.39,93,69,2.24,broken clouds
639,Jizan,SA,17.3333,42.6667,85.14,52,2,0.78,clear sky
640,Beyneu,KZ,45.3167,55.2,67.48,40,70,19.1,broken clouds
641,Vestmanna,FO,62.1564,-7.1664,40.12,87,100,17.27,overcast clouds
642,Nouadhibou,MR,20.931,-17.0347,66.18,72,5,18.41,clear sky
643,Wuda,CN,39.4994,106.7117,40.33,16,44,7.34,scattered clouds
644,Tabuk,PH,17.4189,121.4443,71.69,95,52,1.83,broken clouds
645,Nara,JP,34.6851,135.8049,66.49,71,91,1.66,overcast clouds
646,Lalibela,ET,12.0333,39.0333,64.4,38,93,6.91,overcast clouds
647,Bonfim,BR,3.0833,-59.95,88.83,49,98,8.43,overcast clouds
648,Guatire,VE,10.4762,-66.5427,80.49,69,22,7.07,few clouds
649,Puerto Carreno,CO,6.189,-67.4859,96.4,32,80,11.74,broken clouds
650,Teya,RU,60.3778,92.6267,16.65,96,99,2.82,overcast clouds
651,Matane,CA,48.8286,-67.522,35.28,99,100,7.14,light snow
652,Payakumbuh,ID,-0.2202,100.6308,69.42,98,90,3.06,overcast clouds
653,Zhangye,CN,38.9342,100.4517,40.96,17,89,3.47,overcast clouds
654,Mirante Do Paranapanema,BR,-22.2919,-51.9064,79.3,65,60,6.53,broken clouds
655,Polson,US,47.6936,-114.1632,36.21,37,100,7.0,overcast clouds
656,Lewistown,US,40.5992,-77.5714,74.16,67,0,8.05,clear sky
657,Ahuimanu,US,21.4447,-157.8378,82.11,66,40,16.11,scattered clouds
658,Richards Bay,ZA,-28.783,32.0377,70.74,93,30,8.66,light rain
659,Wagar,SD,16.1525,36.2032,91.4,31,0,14.85,clear sky
660,Mocuba,MZ,-16.8392,36.9856,71.22,99,22,2.21,light rain
661,Mpika,ZM,-11.8343,31.4529,60.64,97,15,4.09,few clouds
662,Saint-Leu,RE,-21.15,55.2833,76.06,78,38,9.06,scattered clouds
663,Lucapa,AO,-8.4192,20.7447,68.5,85,81,2.42,broken clouds
664,Lubao,PH,14.9167,120.55,77.58,84,97,2.42,overcast clouds
665,Wanning,CN,18.8003,110.3967,73.11,93,10,7.54,clear sky
666,Mwense,ZM,-10.3845,28.698,65.53,95,24,3.56,few clouds
667,Yugorsk,RU,61.3133,63.3319,35.08,98,100,6.62,overcast clouds
668,Tambura,SS,5.6,27.4667,76.66,60,70,1.14,broken clouds
669,Montepuez,MZ,-13.1256,38.9997,68.49,99,100,2.86,overcast clouds
670,Espinosa,BR,-14.9261,-42.8192,79.59,58,90,4.61,overcast clouds
671,Callaway,US,30.153,-85.5699,77.97,65,0,12.66,clear sky
672,Tres Picos,MX,15.8667,-93.5333,89.49,52,100,9.1,overcast clouds
673,Vilhena,BR,-12.7406,-60.1458,84.42,61,40,8.05,scattered clouds
674,Kjollefjord,NO,70.9457,27.3465,30.25,69,75,17.27,broken clouds
675,Dudinka,RU,69.4058,86.1778,33.62,99,100,17.29,snow
676,Kresttsy,RU,58.2452,32.5165,34.99,95,100,4.27,overcast clouds
677,Gat,IL,31.61,34.7642,59.68,100,9,1.99,clear sky
678,Buluang,PH,13.3068,123.3425,74.32,94,94,2.53,overcast clouds
679,Omsukchan,RU,62.5333,155.8,-4.34,98,97,4.05,overcast clouds
680,Hongjiang,CN,27.11,109.9956,60.49,91,94,5.03,overcast clouds
681,Jalu,LY,29.0331,21.5482,66.04,24,99,8.23,overcast clouds
682,Snasa,NO,64.2457,12.3778,36.81,97,100,3.11,overcast clouds
683,Xalpatlahuac,MX,17.4667,-98.6167,84.29,29,99,5.75,overcast clouds
684,Kichera,RU,55.9375,110.0997,15.49,85,35,5.3,scattered clouds
685,Male,MV,4.1748,73.5089,83.82,73,57,11.14,broken clouds
686,Galle,LK,6.0367,80.217,80.08,82,100,3.02,overcast clouds
687,Ngunguru,NZ,-35.6167,174.5,65.8,74,100,17.13,light rain
688,Saquarema,BR,-22.92,-42.5103,78.84,86,23,12.12,few clouds
689,Yerofey Pavlovich,RU,53.9667,121.9667,19.42,67,57,4.12,broken clouds
690,Buala,SB,-8.145,159.5921,82.04,76,41,7.31,scattered clouds
691,Salym,RU,60.0625,71.4789,29.95,99,85,4.12,overcast clouds
692,Ubon Ratchathani,TH,15.1667,105.1667,80.49,61,95,6.29,overcast clouds
693,Savonlinna,FI,61.8699,28.88,32.05,86,0,1.14,clear sky
694,Chapais,CA,49.7834,-74.8492,42.58,67,34,11.95,scattered clouds
695,Praia,CV,14.9215,-23.5087,70.34,68,75,16.11,broken clouds
696,Shiyan,CN,32.6475,110.7781,55.38,83,100,1.63,overcast clouds
